PassengerId,Survived,Pclass,Name,Sex,Age,SibSp,Parch,Ticket,Fare,Cabin,Embarked
1,1,2,"Passenger_1, Mrs. Mary",female,,0,0,TICKET_1,36.93693291757585,,C
2,1,1,"Passenger_2, Mrs. Mary",female,,0,0,TICKET_2,87.46861311827081,,S
3,0,3,"Passenger_3, Mr. John",male,17.287662942703047,1,1,TICKET_3,4.454203020161278,,S
4,1,3,"Passenger_4, Mr. John",male,21.59105834113673,0,0,TICKET_4,7.80022925635003,C36,S
5,1,1,"Passenger_5, Miss. Mary",female,10.464728354130209,0,2,TICKET_5,55.893141146219975,C95,S
6,1,3,"Passenger_6, Master. John",male,15.872805199888493,2,1,TICKET_6,4.0892144812356905,,S
7,0,3,"Passenger_7, Mr. John",male,38.14971912598255,1,0,TICKET_7,14.067599281329002,,S
8,1,2,"Passenger_8, Master. John",male,14.511310363915605,1,2,TICKET_8,12.447469514037707,,S
9,1,3,"Passenger_9, Mr. John",male,29.49843545246068,0,0,TICKET_9,19.73358147534717,,S
10,1,2,"Passenger_10, Mr. John",male,26.924593570274833,1,0,TICKET_10,23.16969161306908,C45,S
11,1,2,"Passenger_11, Master. John",male,9.246060543975215,2,1,TICKET_11,18.328569063051628,C1,S
12,1,1,"Passenger_12, Mr. John",male,,0,0,TICKET_12,75.98436808890465,,S
13,0,3,"Passenger_13, Mr. John",male,56.406602616947424,2,0,TICKET_13,9.848202058745409,,S
14,0,3,"Passenger_14, Mr. John",male,,0,1,TICKET_14,10.493685246658988,,S
15,1,3,"Passenger_15, Mr. John",male,49.67287428229463,0,1,TICKET_15,18.104542556309745,,S
16,0,3,"Passenger_16, Master. John",male,8.290711965074141,0,1,TICKET_16,9.339768699279606,,S
17,1,2,"Passenger_17, Mr. John",male,41.389241043175375,0,0,TICKET_17,12.276099886154134,C37,S
18,0,3,"Passenger_18, Mr. John",male,43.50734815259809,1,2,TICKET_18,5.2993513356533235,,C
19,1,2,"Passenger_19, Mrs. Mary",female,25.28410878350968,1,0,TICKET_19,9.264333518979734,,S
20,1,3,"Passenger_20, Mrs. Mary",female,32.01742226346704,1,0,TICKET_20,3.5139331901558744,C27,Q
21,1,3,"Passenger_21, Mr. John",male,,1,0,TICKET_21,35.16617148996536,C93,S
22,1,2,"Passenger_22, Mrs. Mary",female,34.27355235718902,1,0,TICKET_22,9.228607427147761,,S
23,1,2,"Passenger_23, Master. John",male,13.931920380449998,0,1,TICKET_23,35.0172616971836,,C
24,1,3,"Passenger_24, Master. John",male,8.27992478273087,0,1,TICKET_24,6.991907369604505,,S
25,0,2,"Passenger_25, Master. John",male,8.152200985878235,1,1,TICKET_25,44.70740892476294,C49,Q
26,1,1,"Passenger_26, Miss. Mary",female,16.28255671644932,1,1,TICKET_26,56.406893505088114,,S
27,0,3,"Passenger_27, Mr. John",male,49.08809687332386,0,0,TICKET_27,13.658786153388027,,C
28,0,1,"Passenger_28, Mr. John",male,,0,0,TICKET_28,153.03258388762825,,S
29,1,2,"Passenger_29, Mrs. Mary",female,31.52755518552491,0,0,TICKET_29,38.882349006139684,,S
30,0,1,"Passenger_30, Mr. John",male,,0,0,TICKET_30,170.03475209319964,,S
31,1,3,"Passenger_31, Mr. John",male,28.202229948444085,0,1,TICKET_31,7.150395103233838,,S
32,1,1,"Passenger_32, Mr. John",male,31.589242833517474,1,0,TICKET_32,92.85743289002438,C74,Q
33,0,1,"Passenger_33, Mr. John",male,,1,0,TICKET_33,35.38573770412336,,S
34,1,2,"Passenger_34, Master. John",male,15.398540489560084,0,1,TICKET_34,34.14406119321422,,Q
35,0,3,"Passenger_35, Mr. John",male,21.386566979227133,0,1,TICKET_35,10.92878062308268,,S
36,0,1,"Passenger_36, Mr. John",male,25.436376026259158,0,0,TICKET_36,339.33660947723854,C9,S
37,1,2,"Passenger_37, Mrs. Mary",female,28.16395157991262,0,0,TICKET_37,25.484305960715286,,S
38,1,3,"Passenger_38, Mrs. Mary",female,,0,0,TICKET_38,5.7625081017022,,C
39,1,1,"Passenger_39, Mrs. Mary",female,,1,1,TICKET_39,75.32737433637665,C65,S
40,1,3,"Passenger_40, Mr. John",male,32.60697281452476,1,0,TICKET_40,13.64120834489666,,S
41,0,2,"Passenger_41, Mr. John",male,50.21246093560066,2,0,TICKET_41,9.337486009608604,,S
42,0,1,"Passenger_42, Mr. John",male,49.0234328666582,0,0,TICKET_42,57.79063520732416,C36,S
43,0,3,"Passenger_43, Mrs. Mary",female,54.30913557080644,0,0,TICKET_43,11.057548783194889,,S
44,1,2,"Passenger_44, Mrs. Mary",female,25.66881677244588,0,0,TICKET_44,29.68149093191015,,S
45,1,1,"Passenger_45, Miss. Mary",female,4.047521795229372,1,1,TICKET_45,79.93695243508361,C69,Q
46,0,3,"Passenger_46, Mr. John",male,46.51216169009802,0,0,TICKET_46,7.137854021395868,C77,S
47,1,1,"Passenger_47, Mr. John",male,33.06156329186597,2,0,TICKET_47,52.34268285560154,,C
48,1,1,"Passenger_48, Mr. John",male,17.790547284350176,1,1,TICKET_48,47.67885672681612,,S
49,1,3,"Passenger_49, Mrs. Mary",female,38.24487024378214,0,1,TICKET_49,6.789225937647536,C14,S
50,0,3,"Passenger_50, Mr. John",male,44.81794281589423,0,1,TICKET_50,3.745781437639798,,S
51,1,3,"Passenger_51, Mrs. Mary",female,26.82338089638076,0,1,TICKET_51,13.439561591033014,,S
52,1,1,"Passenger_52, Mr. John",male,,0,1,TICKET_52,41.68161343865308,,S
53,1,1,"Passenger_53, Mr. John",male,,0,0,TICKET_53,50.425008549196235,,S
54,0,3,"Passenger_54, Mr. John",male,,2,0,TICKET_54,16.48280203275513,,C
55,0,1,"Passenger_55, Mr. John",male,63.23798440760835,0,1,TICKET_55,57.09050797282267,C18,S
56,0,2,"Passenger_56, Mr. John",male,18.652918142290936,0,0,TICKET_56,13.987768182770107,,S
57,0,3,"Passenger_57, Mr. John",male,44.774633951649804,0,0,TICKET_57,12.51361348719603,,S
58,1,1,"Passenger_58, Mr. John",male,49.5402471029999,0,1,TICKET_58,34.64576011668342,,S
59,0,2,"Passenger_59, Mr. John",male,,1,0,TICKET_59,14.216506116744828,,S
60,1,2,"Passenger_60, Mrs. Mary",female,29.84789261711692,0,0,TICKET_60,22.408289587124813,,Q
61,1,2,"Passenger_61, Mrs. Mary",female,20.2253159607651,0,0,TICKET_61,13.452719925515174,,S
62,0,3,"Passenger_62, Mr. John",male,,0,0,TICKET_62,4.03294627729378,,S
63,0,3,"Passenger_63, Mr. John",male,45.4886074675982,0,0,TICKET_63,13.274157164120538,C50,S
64,1,1,"Passenger_64, Mrs. Mary",female,28.0390774496748,1,1,TICKET_64,61.69243921421588,C78,S
65,0,3,"Passenger_65, Mr. John",male,26.217153538514463,0,0,TICKET_65,14.495068220255996,,S
66,0,3,"Passenger_66, Mr. John",male,26.65149867557764,1,0,TICKET_66,13.620179610182763,,Q
67,1,1,"Passenger_67, Mrs. Mary",female,34.59338239327542,1,0,TICKET_67,207.54463581569453,,S
68,1,3,"Passenger_68, Mrs. Mary",female,22.82967919472454,0,1,TICKET_68,13.661331753042887,,S
69,1,1,"Passenger_69, Mrs. Mary",female,37.435271041267924,0,0,TICKET_69,131.34388097566998,C38,S
70,0,1,"Passenger_70, Mr. John",male,41.39164006339311,0,0,TICKET_70,31.482057356976682,,S
71,1,1,"Passenger_71, Mrs. Mary",female,41.45964776760898,0,0,TICKET_71,93.33661825280387,C1,S
72,1,1,"Passenger_72, Mrs. Mary",female,57.46429322084984,0,0,TICKET_72,86.65860627941079,,C
73,1,2,"Passenger_73, Mr. John",male,26.781685999750586,1,0,TICKET_73,25.82275307448653,,S
74,0,3,"Passenger_74, Mr. John",male,26.766916577078508,1,0,TICKET_74,12.782834067776772,,S
75,1,2,"Passenger_75, Mr. John",male,30.009787645800447,0,1,TICKET_75,21.398105549424542,,C
76,0,1,"Passenger_76, Mr. John",male,20.0201590425197,0,0,TICKET_76,70.33117195554954,,S
77,1,1,"Passenger_77, Master. John",male,10.294836273950501,1,1,TICKET_77,45.19975453602675,,S
78,1,1,"Passenger_78, Mr. John",male,,0,1,TICKET_78,37.91982697160785,,S
79,1,2,"Passenger_79, Mrs. Mary",female,29.815824061861036,1,0,TICKET_79,22.222431418836603,,C
80,0,1,"Passenger_80, Mr. John",male,34.56586231138965,2,0,TICKET_80,35.67475200411768,,S
81,0,3,"Passenger_81, Master. John",male,1.0,2,2,TICKET_81,21.077965044975137,,S
82,1,3,"Passenger_82, Mrs. Mary",female,22.63665345343373,0,0,TICKET_82,8.77166980693998,C4,S
83,1,1,"Passenger_83, Mrs. Mary",female,40.23630320133339,0,1,TICKET_83,118.5948055130711,,S
84,0,3,"Passenger_84, Mr. John",male,24.060982087034994,1,0,TICKET_84,6.53318987284,C85,S
85,0,2,"Passenger_85, Mr. John",male,25.127816791844257,0,0,TICKET_85,21.745858925086633,,S
86,0,2,"Passenger_86, Mr. John",male,59.138405194711986,1,0,TICKET_86,17.781854808893907,,S
87,0,3,"Passenger_87, Mr. John",male,,0,0,TICKET_87,6.349726794158544,,S
88,0,2,"Passenger_88, Mrs. Mary",female,34.58889286866625,0,0,TICKET_88,29.636946627374773,,S
89,0,3,"Passenger_89, Mr. John",male,32.48781401306555,1,0,TICKET_89,4.628939631733677,,S
90,0,3,"Passenger_90, Mr. John",male,,1,3,TICKET_90,9.64967105420744,,C
91,0,3,"Passenger_91, Mr. John",male,,0,0,TICKET_91,11.594335637722217,,S
92,0,2,"Passenger_92, Mr. John",male,20.891812218204002,1,0,TICKET_92,30.49059769262201,,S
93,0,3,"Passenger_93, Mr. John",male,22.75796169859479,1,2,TICKET_93,18.259285042345372,,S
94,1,1,"Passenger_94, Master. John",male,15.914377496831058,0,1,TICKET_94,39.43067320187975,,Q
95,0,3,"Passenger_95, Mr. John",male,27.67987725594739,1,0,TICKET_95,5.972750720500503,,S
96,0,3,"Passenger_96, Mr. John",male,34.04836101470946,0,0,TICKET_96,30.804169985518197,,S
97,1,1,"Passenger_97, Mrs. Mary",female,44.04605097587826,0,1,TICKET_97,50.13036203264026,,S
98,1,3,"Passenger_98, Mr. John",male,,3,0,TICKET_98,12.084216602248393,,S
99,0,2,"Passenger_99, Mr. John",male,,0,0,TICKET_99,41.17466522157593,,S
100,0,3,"Passenger_100, Mr. John",male,23.14784780474489,0,0,TICKET_100,15.211936847034265,,C
101,0,3,"Passenger_101, Mrs. Mary",female,36.84578617436837,1,1,TICKET_101,11.63057045412837,,C
102,0,3,"Passenger_102, Mr. John",male,,2,0,TICKET_102,5.998636326660529,C17,S
103,0,1,"Passenger_103, Mr. John",male,,0,1,TICKET_103,47.69297996301099,C20,S
104,1,3,"Passenger_104, Mr. John",male,,0,0,TICKET_104,5.401854660734888,C64,S
105,0,3,"Passenger_105, Mr. John",male,45.45133719536127,0,1,TICKET_105,21.385393398846336,,C
106,1,1,"Passenger_106, Mr. John",male,31.24533181653583,0,1,TICKET_106,119.45704583630668,C56,S
107,1,2,"Passenger_107, Mrs. Mary",female,49.15964395257199,0,1,TICKET_107,13.091538342726077,,C
108,1,1,"Passenger_108, Mrs. Mary",female,38.4060330633915,1,1,TICKET_108,56.17726208793374,,C
109,0,3,"Passenger_109, Mr. John",male,47.488824744825465,0,0,TICKET_109,11.538650157792008,,S
110,1,3,"Passenger_110, Master. John",male,7.720334935051962,1,1,TICKET_110,11.96936574683156,,S
111,1,3,"Passenger_111, Mr. John",male,44.32930131451924,1,0,TICKET_111,5.223593249045597,C32,S
112,1,1,"Passenger_112, Mr. John",male,21.46706185454718,1,0,TICKET_112,37.590614173898395,C26,C
113,0,2,"Passenger_113, Mr. John",male,55.167611375893316,0,0,TICKET_113,25.954295986080815,,S
114,1,1,"Passenger_114, Mrs. Mary",female,27.71556443904209,2,0,TICKET_114,48.25655199204272,C4,C
115,1,3,"Passenger_115, Mrs. Mary",female,,0,0,TICKET_115,8.916892941098759,,S
116,1,3,"Passenger_116, Mr. John",male,53.40128329567574,0,0,TICKET_116,8.149729279888472,,S
117,0,2,"Passenger_117, Mr. John",male,18.192775836448668,0,0,TICKET_117,19.97697141262223,,S
118,0,3,"Passenger_118, Mr. John",male,35.3696161046349,1,0,TICKET_118,15.114733508283877,,S
119,0,2,"Passenger_119, Mr. John",male,48.43720988525587,1,0,TICKET_119,23.944079794044292,C97,S
120,1,1,"Passenger_120, Mrs. Mary",female,30.88560153127134,0,1,TICKET_120,57.6422041595408,,S
121,1,1,"Passenger_121, Master. John",male,11.874459339907318,0,2,TICKET_121,119.15359721001812,,S
122,1,1,"Passenger_122, Mr. John",male,43.947735472259964,0,0,TICKET_122,52.09774722699287,,S
123,1,1,"Passenger_123, Mrs. Mary",female,23.14037938539141,1,1,TICKET_123,188.36357254593744,,S
124,0,3,"Passenger_124, Mrs. Mary",female,35.79168092658695,0,0,TICKET_124,8.66803143257919,C43,S
125,1,1,"Passenger_125, Mr. John",male,30.948550018670275,0,0,TICKET_125,81.45553082816046,,S
126,1,1,"Passenger_126, Mrs. Mary",female,,1,0,TICKET_126,85.85961453376858,,Q
127,0,3,"Passenger_127, Mr. John",male,32.57279588472259,0,1,TICKET_127,9.80982868182382,C48,S
128,0,3,"Passenger_128, Mr. John",male,44.07199602589225,0,0,TICKET_128,7.955074112927926,,C
129,1,3,"Passenger_129, Mrs. Mary",female,35.65759528542089,1,0,TICKET_129,12.400024719380713,,S
130,1,2,"Passenger_130, Miss. Mary",female,15.103291806524314,1,1,TICKET_130,8.487919816337849,,S
131,0,3,"Passenger_131, Mr. John",male,43.74471681788232,0,0,TICKET_131,7.672053479124833,,S
132,0,3,"Passenger_132, Mr. John",male,49.37981945914726,2,0,TICKET_132,11.964627160445936,C25,S
133,0,3,"Passenger_133, Mr. John",male,,0,0,TICKET_133,4.460426285903041,C28,S
134,0,3,"Passenger_134, Mr. John",male,51.203245876254144,0,0,TICKET_134,13.283751472955359,,S
135,1,3,"Passenger_135, Mrs. Mary",female,28.925714483986148,1,1,TICKET_135,5.648477137167743,C22,S
136,1,3,"Passenger_136, Mrs. Mary",female,18.576099746318935,0,2,TICKET_136,6.4788922146762715,,S
137,0,3,"Passenger_137, Mr. John",male,20.57113126058584,0,0,TICKET_137,10.376016955412197,C21,S
138,0,1,"Passenger_138, Mr. John",male,47.144182126766,0,0,TICKET_138,150.15953283363658,C35,S
139,1,3,"Passenger_139, Miss. Mary",female,4.58159520053826,0,1,TICKET_139,3.3633290623555805,,C
140,1,3,"Passenger_140, Mrs. Mary",female,36.71447126407089,0,0,TICKET_140,4.688025167989782,,S
141,1,3,"Passenger_141, Mrs. Mary",female,29.354010546944743,0,0,TICKET_141,6.67958857043429,,S
142,1,1,"Passenger_142, Master. John",male,2.6843413521160002,0,2,TICKET_142,48.69301323547063,,S
143,1,2,"Passenger_143, Mr. John",male,,1,0,TICKET_143,16.449270079683554,,C
144,1,1,"Passenger_144, Mr. John",male,35.95250379184583,0,0,TICKET_144,78.87221370805189,,S
145,0,2,"Passenger_145, Master. John",male,12.915556718979143,2,1,TICKET_145,15.067305983796237,,Q
146,0,3,"Passenger_146, Master. John",male,2.0849682922474955,1,1,TICKET_146,16.59611543092648,,S
147,0,3,"Passenger_147, Mr. John",male,38.093639364634505,0,0,TICKET_147,6.9503980609020415,,S
148,1,3,"Passenger_148, Master. John",male,2.431937996370337,0,2,TICKET_148,8.091987852485504,C6,C
149,1,1,"Passenger_149, Mr. John",male,37.108607384361,0,0,TICKET_149,68.51099266283758,,S
150,1,1,"Passenger_150, Mr. John",male,,1,0,TICKET_150,82.15397514638596,,Q
151,0,3,"Passenger_151, Mr. John",male,21.412362710426844,0,0,TICKET_151,7.758314886062864,,Q
152,0,2,"Passenger_152, Mr. John",male,,1,0,TICKET_152,29.187133088187416,C86,S
153,0,3,"Passenger_153, Mr. John",male,26.74259328072002,0,0,TICKET_153,5.348205203745133,,S
154,1,3,"Passenger_154, Mr. John",male,28.287143363024526,1,0,TICKET_154,7.260303998797287,C82,S
155,0,3,"Passenger_155, Mr. John",male,17.752514678934332,2,2,TICKET_155,2.891609436925478,,C
156,1,2,"Passenger_156, Mr. John",male,28.76320277387267,1,0,TICKET_156,29.036098774019923,,S
157,1,1,"Passenger_157, Mrs. Mary",female,,0,0,TICKET_157,71.39784348094994,,S
158,1,3,"Passenger_158, Miss. Mary",female,10.834484525643642,1,1,TICKET_158,5.552192977216717,,S
159,1,3,"Passenger_159, Mrs. Mary",female,38.9525722296698,0,0,TICKET_159,6.181756508212403,C41,S
160,0,3,"Passenger_160, Mr. John",male,,0,0,TICKET_160,12.723787160264894,,S
161,0,3,"Passenger_161, Mr. John",male,18.39347558305509,0,0,TICKET_161,9.982666908825642,C44,S
162,1,1,"Passenger_162, Miss. Mary",female,10.913361839954064,2,2,TICKET_162,105.26701372972488,,Q
163,0,3,"Passenger_163, Mrs. Mary",female,37.6631865639705,0,0,TICKET_163,13.029610742474619,,Q
164,0,1,"Passenger_164, Mr. John",male,41.377651959015935,0,1,TICKET_164,89.02838548320433,,S
165,1,2,"Passenger_165, Mr. John",male,40.546782695463456,1,0,TICKET_165,23.39362042898653,,S
166,0,3,"Passenger_166, Mr. John",male,48.03175463322714,0,0,TICKET_166,7.305255491397387,,S
167,0,3,"Passenger_167, Mr. John",male,,0,2,TICKET_167,5.190582414036057,C99,S
168,1,1,"Passenger_168, Mrs. Mary",female,22.005671967238314,1,0,TICKET_168,36.951600755992054,,S
169,0,1,"Passenger_169, Mr. John",male,,0,0,TICKET_169,145.6533893186652,,S
170,0,3,"Passenger_170, Mr. John",male,31.141882489781118,0,0,TICKET_170,17.34455684889787,,S
171,0,3,"Passenger_171, Mrs. Mary",female,,1,0,TICKET_171,15.307266371315537,,S
172,1,3,"Passenger_172, Mrs. Mary",female,30.645363713886066,0,0,TICKET_172,4.534225243813289,,S
173,0,3,"Passenger_173, Mrs. Mary",female,19.999051729582447,0,0,TICKET_173,4.709346361954865,,Q
174,1,1,"Passenger_174, Mrs. Mary",female,,0,0,TICKET_174,71.73514571589986,C89,S
175,0,3,"Passenger_175, Mr. John",male,28.59784292928066,0,1,TICKET_175,8.151183446833553,,S
176,0,3,"Passenger_176, Mr. John",male,,1,0,TICKET_176,8.961971451659485,C82,S
177,1,3,"Passenger_177, Mr. John",male,46.23707743405028,1,1,TICKET_177,7.474841292606701,,C
178,1,2,"Passenger_178, Miss. Mary",female,17.122583263823046,1,2,TICKET_178,18.808863760570233,,S
179,1,3,"Passenger_179, Master. John",male,11.269771123056742,1,1,TICKET_179,11.890974121059472,,S
180,0,3,"Passenger_180, Mr. John",male,18.203321100536776,0,0,TICKET_180,14.902450385467237,,Q
181,1,2,"Passenger_181, Mrs. Mary",female,45.9934470494651,0,0,TICKET_181,22.418184321514232,,S
182,0,3,"Passenger_182, Mr. John",male,35.141252191910986,0,0,TICKET_182,19.965825320637183,C39,S
183,0,3,"Passenger_183, Mrs. Mary",female,42.713674756208555,0,0,TICKET_183,6.793245672429157,,S
184,1,3,"Passenger_184, Mrs. Mary",female,36.184682570045204,0,0,TICKET_184,8.199631964596477,C3,C
185,0,3,"Passenger_185, Mr. John",male,,0,0,TICKET_185,9.888806437721575,C19,C
186,1,3,"Passenger_186, Mrs. Mary",female,33.255543487149076,2,0,TICKET_186,9.051271809468716,,C
187,0,1,"Passenger_187, Mr. John",male,55.100916278632226,0,0,TICKET_187,74.58785102426991,C50,S
188,1,1,"Passenger_188, Miss. Mary",female,11.064761834778576,2,2,TICKET_188,114.61621638799805,,S
189,1,1,"Passenger_189, Mrs. Mary",female,37.28510396384427,0,0,TICKET_189,61.28588833577071,,S
190,1,3,"Passenger_190, Mrs. Mary",female,21.130862568973114,0,0,TICKET_190,10.471474258403859,C87,S
191,0,1,"Passenger_191, Mr. John",male,25.29628686597877,0,1,TICKET_191,82.79472068910817,,C
192,0,3,"Passenger_192, Mr. John",male,33.95090700045908,0,0,TICKET_192,13.108751332819866,,S
193,0,2,"Passenger_193, Mr. John",male,48.30610335063976,0,0,TICKET_193,17.272034966059756,,S
194,1,3,"Passenger_194, Mrs. Mary",female,33.49043066977616,2,0,TICKET_194,14.046531927103139,,S
195,1,1,"Passenger_195, Mr. John",male,,0,0,TICKET_195,59.78110519684246,,C
196,0,3,"Passenger_196, Mr. John",male,25.000566822691642,2,1,TICKET_196,13.425980981722358,C85,S
197,0,3,"Passenger_197, Mr. John",male,,0,1,TICKET_197,16.14732472069469,,C
198,0,3,"Passenger_198, Mr. John",male,20.842940436216068,0,1,TICKET_198,3.613524282190445,,S
199,0,3,"Passenger_199, Mr. John",male,16.48302819839322,1,1,TICKET_199,9.162149257552956,,Q
200,0,3,"Passenger_200, Mr. John",male,28.522579271967697,0,0,TICKET_200,8.23029348664169,C93,S
201,1,3,"Passenger_201, Master. John",male,1.0,1,1,TICKET_201,4.3711665136221995,C20,C
202,0,1,"Passenger_202, Mr. John",male,34.46844314586853,0,1,TICKET_202,130.3502714713719,,S
203,0,2,"Passenger_203, Mr. John",male,29.740187919275055,1,0,TICKET_203,30.890803710352625,,S
204,1,3,"Passenger_204, Miss. Mary",female,8.025711575614398,2,2,TICKET_204,14.11896821831742,,S
205,1,2,"Passenger_205, Mr. John",male,,0,0,TICKET_205,28.752816462153834,,S
206,1,3,"Passenger_206, Mr. John",male,26.8520162546869,1,0,TICKET_206,6.520810705794061,,S
207,1,3,"Passenger_207, Mr. John",male,,1,0,TICKET_207,12.407463204762848,,S
208,0,2,"Passenger_208, Mr. John",male,,0,0,TICKET_208,20.84549714091139,C54,C
209,0,3,"Passenger_209, Mr. John",male,31.134880189711197,0,0,TICKET_209,6.034570413726889,,S
210,0,3,"Passenger_210, Mr. John",male,26.186012182579923,0,0,TICKET_210,8.693230137838645,,S
211,1,3,"Passenger_211, Mrs. Mary",female,29.73183939157565,0,0,TICKET_211,3.133153490352248,,C
212,0,3,"Passenger_212, Mr. John",male,33.806224278780235,0,0,TICKET_212,16.10380249651585,C67,Q
213,1,3,"Passenger_213, Mr. John",male,,1,0,TICKET_213,7.531500792486942,C35,C
214,1,3,"Passenger_214, Master. John",male,8.444668730173522,1,1,TICKET_214,4.292466395159323,,S
215,0,3,"Passenger_215, Mr. John",male,,0,0,TICKET_215,5.831622030121054,,S
216,0,2,"Passenger_216, Mr. John",male,27.593918189513914,0,0,TICKET_216,12.89364027060906,,Q
217,0,3,"Passenger_217, Mr. John",male,,0,0,TICKET_217,4.768748763293523,C11,S
218,0,2,"Passenger_218, Mr. John",male,20.5005893048936,0,0,TICKET_218,20.70279918833986,,Q
219,1,1,"Passenger_219, Miss. Mary",female,3.902259864448002,1,1,TICKET_219,64.11582290964843,C81,S
220,0,3,"Passenger_220, Mrs. Mary",female,41.327475119859336,0,1,TICKET_220,7.625905634727854,,S
221,1,3,"Passenger_221, Mrs. Mary",female,34.122680667370346,1,0,TICKET_221,2.074677422720645,,S
222,0,1,"Passenger_222, Mr. John",male,46.03544863966294,0,1,TICKET_222,51.122337326758334,C71,Q
223,0,1,"Passenger_223, Mr. John",male,,0,2,TICKET_223,32.466798200163396,,C
224,1,2,"Passenger_224, Mrs. Mary",female,,0,0,TICKET_224,12.794696863550781,,S
225,0,1,"Passenger_225, Mr. John",male,,1,0,TICKET_225,99.13340519362715,,S
226,1,1,"Passenger_226, Mrs. Mary",female,,0,0,TICKET_226,45.660114299848956,,S
227,0,1,"Passenger_227, Mr. John",male,24.309528902788937,0,0,TICKET_227,33.40035442231423,C54,C
228,1,1,"Passenger_228, Mrs. Mary",female,36.685471159647726,1,0,TICKET_228,40.985850613269804,,S
229,1,3,"Passenger_229, Mr. John",male,,1,0,TICKET_229,5.619563166552281,,S
230,0,3,"Passenger_230, Mr. John",male,41.551375705346885,0,0,TICKET_230,5.849960400903617,,S
231,1,3,"Passenger_231, Mrs. Mary",female,37.21077554601567,1,0,TICKET_231,8.425932105617077,,S
232,0,3,"Passenger_232, Mr. John",male,37.31141153747214,3,0,TICKET_232,6.00023123078407,,S
233,1,1,"Passenger_233, Mr. John",male,30.007391423992363,0,0,TICKET_233,90.07146172806932,,S
234,0,3,"Passenger_234, Mr. John",male,34.57442670443248,1,1,TICKET_234,10.488056985066846,,S
235,1,1,"Passenger_235, Miss. Mary",female,16.56404302470367,1,2,TICKET_235,117.06360179779536,,S
236,1,2,"Passenger_236, Mr. John",male,30.572868455540096,1,0,TICKET_236,13.451962654735723,,S
237,0,2,"Passenger_237, Mr. John",male,40.90571596861602,0,0,TICKET_237,7.6602508645483995,,Q
238,1,2,"Passenger_238, Mrs. Mary",female,28.44908167427361,0,0,TICKET_238,37.30129475626641,,C
239,0,2,"Passenger_239, Mr. John",male,43.73194828792465,0,0,TICKET_239,14.926052736847579,,S
240,1,3,"Passenger_240, Mrs. Mary",female,35.042638767328064,0,0,TICKET_240,12.66045294433677,,S
241,1,3,"Passenger_241, Mrs. Mary",female,18.659476078203127,3,1,TICKET_241,8.841134995321056,,S
242,1,1,"Passenger_242, Mr. John",male,,1,0,TICKET_242,135.16515185232706,,S
243,0,3,"Passenger_243, Mr. John",male,43.82268323224743,0,0,TICKET_243,8.68871005570269,,S
244,1,1,"Passenger_244, Miss. Mary",female,7.7080676745832974,1,1,TICKET_244,73.13962528474538,,S
245,1,3,"Passenger_245, Mr. John",male,,3,0,TICKET_245,7.898507640663309,C48,Q
246,1,2,"Passenger_246, Miss. Mary",female,8.883686888957346,2,1,TICKET_246,21.0828256907375,,S
247,1,3,"Passenger_247, Mrs. Mary",female,43.33452138385343,2,1,TICKET_247,5.487649673568167,,S
248,1,3,"Passenger_248, Mrs. Mary",female,33.747799447479096,2,0,TICKET_248,11.118737230090549,C66,C
249,1,3,"Passenger_249, Miss. Mary",female,16.863402458926856,2,1,TICKET_249,5.995186967273484,C34,C
250,0,3,"Passenger_250, Mr. John",male,20.908777463500037,3,0,TICKET_250,17.47291584638369,,C
251,1,2,"Passenger_251, Mrs. Mary",female,18.47902657151475,0,0,TICKET_251,15.814325310894802,,S
252,1,1,"Passenger_252, Miss. Mary",female,8.517028415627081,1,2,TICKET_252,179.77267164789316,C71,S
253,0,3,"Passenger_253, Mr. John",male,39.26793793888628,0,0,TICKET_253,11.816406981024006,,S
254,1,1,"Passenger_254, Master. John",male,10.319433770858616,1,1,TICKET_254,41.861485768538365,,C
255,0,3,"Passenger_255, Mr. John",male,30.88450918579123,0,0,TICKET_255,17.377779520942656,,Q
256,0,3,"Passenger_256, Mr. John",male,27.57055439350977,0,0,TICKET_256,6.847195574149824,C86,S
257,1,3,"Passenger_257, Mrs. Mary",female,35.15247939547804,1,0,TICKET_257,5.0814821579955,C78,S
258,0,1,"Passenger_258, Mr. John",male,39.87511294319831,0,0,TICKET_258,45.80700245833777,,S
259,0,2,"Passenger_259, Mr. John",male,40.85391154813592,0,1,TICKET_259,11.49447527998304,C63,S
260,1,3,"Passenger_260, Mr. John",male,45.14718883637189,2,1,TICKET_260,14.84653098924805,,C
261,1,2,"Passenger_261, Mrs. Mary",female,32.274014767442715,0,1,TICKET_261,27.42828009569242,C68,S
262,1,2,"Passenger_262, Master. John",male,8.749767546468668,2,1,TICKET_262,17.412499661700068,,Q
263,1,3,"Passenger_263, Mrs. Mary",female,32.90422617591359,0,0,TICKET_263,6.937785134290408,,C
264,1,2,"Passenger_264, Mrs. Mary",female,39.71923660855946,1,2,TICKET_264,25.708003915885,,S
265,1,2,"Passenger_265, Mr. John",male,47.49692981965049,1,0,TICKET_265,10.956817473179683,,C
266,0,3,"Passenger_266, Mr. John",male,27.817425508886654,1,0,TICKET_266,6.861021598777231,,S
267,0,1,"Passenger_267, Mr. John",male,22.900941382670922,0,0,TICKET_267,28.955906982288266,,S
268,1,2,"Passenger_268, Mrs. Mary",female,19.286912364617304,0,0,TICKET_268,39.67052339523307,,S
269,1,2,"Passenger_269, Mrs. Mary",female,,0,1,TICKET_269,23.532307641694626,,S
270,0,3,"Passenger_270, Mr. John",male,41.35955176288229,1,0,TICKET_270,5.082830826134128,C26,S
271,1,2,"Passenger_271, Mr. John",male,,1,1,TICKET_271,35.59263162249742,,Q
272,0,3,"Passenger_272, Mrs. Mary",female,34.75556843284287,1,1,TICKET_272,5.161178972789911,C73,C
273,1,2,"Passenger_273, Mrs. Mary",female,30.166220412887217,1,0,TICKET_273,10.916046523059764,C63,C
274,1,2,"Passenger_274, Mr. John",male,16.376384956901518,1,1,TICKET_274,9.478469384552014,C19,S
275,0,3,"Passenger_275, Mr. John",male,23.36149180788497,0,1,TICKET_275,17.513680828518115,,C
276,1,3,"Passenger_276, Mr. John",male,24.11446828693722,1,0,TICKET_276,17.837598650633062,C18,S
277,0,3,"Passenger_277, Mr. John",male,24.580170902946797,0,0,TICKET_277,8.822403962904225,,S
278,0,3,"Passenger_278, Mr. John",male,,0,0,TICKET_278,13.55292774020614,C47,S
279,1,3,"Passenger_279, Master. John",male,15.890605417675964,1,1,TICKET_279,5.162716677160192,C25,S
280,0,3,"Passenger_280, Mr. John",male,37.8596286978684,0,0,TICKET_280,12.221711568753847,C6,S
281,1,3,"Passenger_281, Mr. John",male,35.14474331664026,2,0,TICKET_281,7.715529815717598,,S
282,1,1,"Passenger_282, Mrs. Mary",female,,0,0,TICKET_282,57.53854337939235,,C
283,1,1,"Passenger_283, Mr. John",male,,0,0,TICKET_283,35.54315331748146,,S
284,0,2,"Passenger_284, Mr. John",male,44.29936613601158,0,0,TICKET_284,46.31088863515321,,S
285,0,3,"Passenger_285, Mr. John",male,34.5894964198032,0,0,TICKET_285,14.326845281523397,,S
286,0,3,"Passenger_286, Mr. John",male,42.01831563319331,0,0,TICKET_286,8.02602763498271,,S
287,0,3,"Passenger_287, Mr. John",male,50.49848134253412,0,0,TICKET_287,14.856379764065089,C80,S
288,1,1,"Passenger_288, Mr. John",male,33.727972226280826,1,0,TICKET_288,26.994320504142294,,S
289,1,1,"Passenger_289, Master. John",male,11.26577303927628,2,1,TICKET_289,63.841322936630746,,Q
290,1,3,"Passenger_290, Mr. John",male,19.488725728771627,1,0,TICKET_290,8.612320508917215,,S
291,0,3,"Passenger_291, Mr. John",male,34.42030258428299,1,0,TICKET_291,10.515124141605277,,S
292,0,3,"Passenger_292, Mr. John",male,48.737092240249396,0,0,TICKET_292,5.13035514176001,,S
293,0,2,"Passenger_293, Mr. John",male,23.162682502317978,0,1,TICKET_293,15.244348894563231,,S
294,1,2,"Passenger_294, Mrs. Mary",female,,0,2,TICKET_294,9.93206649156025,,C
295,0,1,"Passenger_295, Mr. John",male,37.91961911537146,0,0,TICKET_295,64.69178965752054,,S
296,1,3,"Passenger_296, Miss. Mary",female,5.8209553902618865,2,1,TICKET_296,7.791835711200553,,C
297,1,3,"Passenger_297, Mrs. Mary",female,,0,0,TICKET_297,13.574181617094546,C79,S
298,0,3,"Passenger_298, Master. John",male,12.70518655995593,2,1,TICKET_298,16.15666413106563,C2,C
299,1,3,"Passenger_299, Mrs. Mary",female,56.3935175874972,0,2,TICKET_299,5.012066832982366,,S
300,0,2,"Passenger_300, Mr. John",male,,0,0,TICKET_300,31.354073736267885,,Q
301,0,2,"Passenger_301, Mr. John",male,48.844881674226315,0,0,TICKET_301,27.650264249739923,,S
302,0,2,"Passenger_302, Mr. John",male,22.826300779764246,0,1,TICKET_302,48.81352830322504,C61,Q
303,1,3,"Passenger_303, Mrs. Mary",female,,0,0,TICKET_303,8.329592202587348,,S
304,1,1,"Passenger_304, Master. John",male,13.115997184985428,1,1,TICKET_304,80.37849254187854,,C
305,1,3,"Passenger_305, Mr. John",male,41.85125328418273,1,0,TICKET_305,11.586993502395593,,S
306,1,2,"Passenger_306, Mrs. Mary",female,48.06570837978588,0,0,TICKET_306,37.6829557493583,,S
307,1,3,"Passenger_307, Miss. Mary",female,13.432615980749684,2,1,TICKET_307,12.321622082141786,C35,C
308,1,1,"Passenger_308, Mr. John",male,42.1284793036688,2,0,TICKET_308,148.98125021709643,,S
309,0,3,"Passenger_309, Mr. John",male,50.082536170844755,0,0,TICKET_309,10.263206612133567,,S
310,0,2,"Passenger_310, Mr. John",male,24.24054237961513,0,0,TICKET_310,16.54990142223968,,C
311,1,2,"Passenger_311, Mrs. Mary",female,,0,1,TICKET_311,36.60659983768671,,S
312,0,3,"Passenger_312, Mr. John",male,29.429418102147302,0,0,TICKET_312,9.920625660798915,,S
313,1,3,"Passenger_313, Mrs. Mary",female,29.087533796228495,1,0,TICKET_313,5.368041962543238,,S
314,0,3,"Passenger_314, Mrs. Mary",female,,1,0,TICKET_314,7.915730592744785,C6,C
315,0,3,"Passenger_315, Mr. John",male,61.06292326827388,0,0,TICKET_315,8.335115678910535,,S
316,1,1,"Passenger_316, Mr. John",male,21.48974635053855,0,2,TICKET_316,50.92931283308764,C3,S
317,0,3,"Passenger_317, Mr. John",male,37.27460243786922,1,0,TICKET_317,20.372235719120642,,S
318,0,3,"Passenger_318, Mr. John",male,21.868464660148973,0,0,TICKET_318,9.633311654447187,,S
319,1,1,"Passenger_319, Mrs. Mary",female,28.70510694744414,1,0,TICKET_319,88.88564277047068,,C
320,1,3,"Passenger_320, Mr. John",male,35.036314701004436,1,0,TICKET_320,9.819332343037512,,C
321,1,1,"Passenger_321, Mrs. Mary",female,,1,3,TICKET_321,61.018777660749556,,C
322,1,3,"Passenger_322, Mrs. Mary",female,29.69818579254766,0,0,TICKET_322,11.504430963381388,,S
323,1,3,"Passenger_323, Miss. Mary",female,9.786415897803757,1,1,TICKET_323,5.3192567843935725,,S
324,0,2,"Passenger_324, Mr. John",male,31.679309522222393,1,0,TICKET_324,17.107796884608707,,S
325,1,2,"Passenger_325, Mrs. Mary",female,20.277761697381493,0,0,TICKET_325,8.944290234815941,,S
326,1,1,"Passenger_326, Mr. John",male,30.268168810810025,1,0,TICKET_326,74.80243018701802,,S
327,0,2,"Passenger_327, Mr. John",male,,0,0,TICKET_327,19.257588922145015,,C
328,1,1,"Passenger_328, Mr. John",male,27.260500175722672,0,0,TICKET_328,139.68107730608034,,C
329,0,2,"Passenger_329, Mr. John",male,27.977442185802893,1,1,TICKET_329,13.751959689966199,,S
330,1,3,"Passenger_330, Mrs. Mary",female,31.98078113923181,0,0,TICKET_330,6.540260471638036,,S
331,0,1,"Passenger_331, Mr. John",male,56.54977368081895,0,1,TICKET_331,74.43246183829967,,S
332,1,1,"Passenger_332, Mr. John",male,32.442430127713834,2,0,TICKET_332,43.89743721722398,C77,C
333,0,3,"Passenger_333, Mr. John",male,29.076355307528658,0,0,TICKET_333,11.305934644886165,,S
334,1,3,"Passenger_334, Master. John",male,3.8823685849062883,2,1,TICKET_334,15.094450953046637,C17,S
335,0,3,"Passenger_335, Mr. John",male,23.831649441473278,0,0,TICKET_335,15.185018290452357,,S
336,0,3,"Passenger_336, Mr. John",male,22.533733732009807,0,1,TICKET_336,10.103168311928053,,S
337,1,2,"Passenger_337, Mrs. Mary",female,21.720445051121082,0,1,TICKET_337,25.025111164377922,,S
338,1,3,"Passenger_338, Mrs. Mary",female,25.604123528684905,2,1,TICKET_338,7.797788558306635,,S
339,1,2,"Passenger_339, Mr. John",male,23.864372356700137,1,0,TICKET_339,16.19554815972529,,Q
340,1,3,"Passenger_340, Master. John",male,1.0,0,1,TICKET_340,6.477944646135799,C39,S
341,1,3,"Passenger_341, Mrs. Mary",female,29.808293452237777,1,0,TICKET_341,7.970408059786259,C40,Q
342,0,3,"Passenger_342, Mr. John",male,27.98458248696784,0,1,TICKET_342,9.98911556259063,,S
343,1,1,"Passenger_343, Mrs. Mary",female,,0,0,TICKET_343,126.88515818270714,C76,S
344,1,3,"Passenger_344, Mrs. Mary",female,32.3220206470143,0,0,TICKET_344,5.073677032569907,,S
345,1,2,"Passenger_345, Mrs. Mary",female,,1,0,TICKET_345,18.358666499235444,C45,S
346,0,2,"Passenger_346, Mr. John",male,,1,0,TICKET_346,13.660575353758286,,S
347,1,3,"Passenger_347, Miss. Mary",female,13.811246153140218,1,1,TICKET_347,6.013202893893339,,S
348,1,3,"Passenger_348, Mrs. Mary",female,,0,0,TICKET_348,5.193312755570935,,S
349,0,2,"Passenger_349, Mr. John",male,31.984995886443777,0,0,TICKET_349,16.418885241777456,,S
350,0,3,"Passenger_350, Mr. John",male,37.02406590238779,0,0,TICKET_350,22.679275278819308,,Q
351,1,2,"Passenger_351, Mr. John",male,28.904659707194295,0,0,TICKET_351,19.382115282043458,C22,C
352,1,2,"Passenger_352, Mr. John",male,42.074067733774996,0,0,TICKET_352,23.016313269399426,,S
353,0,3,"Passenger_353, Mr. John",male,29.230263993787425,0,0,TICKET_353,7.149832719371967,,S
354,1,3,"Passenger_354, Mrs. Mary",female,22.598068009115067,1,0,TICKET_354,19.084724880711583,,S
355,1,2,"Passenger_355, Mr. John",male,33.04448665253641,0,0,TICKET_355,14.33121012494429,,S
356,1,3,"Passenger_356, Mrs. Mary",female,,0,0,TICKET_356,31.450312521202825,,Q
357,1,3,"Passenger_357, Mrs. Mary",female,35.204069057003004,1,0,TICKET_357,8.778243396923648,,S
358,0,3,"Passenger_358, Mr. John",male,,0,0,TICKET_358,21.04753044595615,,C
359,1,3,"Passenger_359, Mrs. Mary",female,26.291375012881918,1,1,TICKET_359,22.079653821945797,,S
360,0,3,"Passenger_360, Mrs. Mary",female,30.162828882425814,0,2,TICKET_360,7.663537721112946,,C
361,1,2,"Passenger_361, Mrs. Mary",female,42.64906152056394,1,1,TICKET_361,41.909283662362625,,S
362,0,3,"Passenger_362, Mrs. Mary",female,29.427468676635467,0,0,TICKET_362,7.999656674727956,,S
363,0,2,"Passenger_363, Mr. John",male,,0,1,TICKET_363,9.376617627424382,,C
364,0,3,"Passenger_364, Mr. John",male,22.436457953299257,0,0,TICKET_364,4.604730329985378,,C
365,0,1,"Passenger_365, Mr. John",male,28.734763564341822,0,0,TICKET_365,108.70733357384661,,S
366,0,3,"Passenger_366, Mr. John",male,,0,0,TICKET_366,16.498015116612677,C91,C
367,0,3,"Passenger_367, Mr. John",male,59.20465869351959,0,0,TICKET_367,5.433699738513398,,Q
368,1,3,"Passenger_368, Mr. John",male,32.7458404263347,0,0,TICKET_368,5.742908877976742,,C
369,0,3,"Passenger_369, Mr. John",male,42.7928026993982,1,0,TICKET_369,4.1667447966262054,,S
370,1,1,"Passenger_370, Miss. Mary",female,2.694983000154245,0,1,TICKET_370,99.92924256003276,,S
371,1,2,"Passenger_371, Mrs. Mary",female,44.11073699549507,0,1,TICKET_371,15.932831675505604,C26,S
372,1,3,"Passenger_372, Mr. John",male,,0,2,TICKET_372,6.290031027324602,,Q
373,1,3,"Passenger_373, Mr. John",male,16.404625457819595,1,1,TICKET_373,2.9403314481732785,,S
374,1,3,"Passenger_374, Mr. John",male,,1,0,TICKET_374,13.003012939263009,,S
375,1,2,"Passenger_375, Mr. John",male,25.38785208071027,0,0,TICKET_375,16.351816521294296,,S
376,0,3,"Passenger_376, Mr. John",male,25.459887964558607,0,0,TICKET_376,14.396319491584674,,S
377,0,2,"Passenger_377, Mrs. Mary",female,24.22881060149604,0,0,TICKET_377,26.415133774255153,,S
378,0,2,"Passenger_378, Mr. John",male,28.009403014164874,1,1,TICKET_378,35.26544502474414,,C
379,1,3,"Passenger_379, Mr. John",male,35.047213009222965,1,0,TICKET_379,4.321086201263688,,S
380,1,3,"Passenger_380, Mrs. Mary",female,21.89053388502242,0,0,TICKET_380,11.422132263968662,,S
381,0,3,"Passenger_381, Mr. John",male,25.754767063399854,1,0,TICKET_381,8.87237528195684,,S
382,1,3,"Passenger_382, Mrs. Mary",female,18.73249906249805,0,0,TICKET_382,14.261268551945,,S
383,1,3,"Passenger_383, Master. John",male,6.691506118194734,2,2,TICKET_383,18.358422873135332,,S
384,0,1,"Passenger_384, Mr. John",male,44.77762442984765,0,0,TICKET_384,263.84492236563096,C98,S
385,1,1,"Passenger_385, Mr. John",male,24.2344728345088,1,0,TICKET_385,71.23355485003925,,S
386,1,3,"Passenger_386, Mr. John",male,,0,0,TICKET_386,9.636041399107807,,S
387,0,3,"Passenger_387, Mr. John",male,,0,0,TICKET_387,7.677400906339781,,S
388,0,3,"Passenger_388, Mr. John",male,,0,1,TICKET_388,6.800089036479154,C77,S
389,0,2,"Passenger_389, Mr. John",male,37.038008484825596,0,0,TICKET_389,17.47345056826554,,S
390,1,3,"Passenger_390, Mr. John",male,22.243225892221027,2,0,TICKET_390,20.077069486474013,,S
391,0,3,"Passenger_391, Mr. John",male,,1,0,TICKET_391,9.053085852881225,C85,S
392,0,3,"Passenger_392, Mr. John",male,49.15337874469338,0,0,TICKET_392,5.0310539036516175,,S
393,1,3,"Passenger_393, Master. John",male,10.442922719448571,0,1,TICKET_393,10.690432519550086,,C
394,0,3,"Passenger_394, Mr. John",male,39.197259572539906,0,0,TICKET_394,13.654007089023484,,S
395,1,3,"Passenger_395, Mr. John",male,29.975688674140265,1,0,TICKET_395,8.053091131575528,,Q
396,1,1,"Passenger_396, Master. John",male,1.0,2,1,TICKET_396,121.18231052958295,,S
397,1,3,"Passenger_397, Mr. John",male,25.8352491877661,1,0,TICKET_397,17.391678927653704,,S
398,1,2,"Passenger_398, Master. John",male,8.2164196315493,0,1,TICKET_398,42.31317896326417,,S
399,0,2,"Passenger_399, Mr. John",male,48.71688612590599,1,0,TICKET_399,32.234144883253286,,C
400,1,3,"Passenger_400, Miss. Mary",female,15.319453943675585,0,1,TICKET_400,14.932897547449368,,C
401,1,1,"Passenger_401, Mrs. Mary",female,51.59774514943111,1,0,TICKET_401,66.70910227338112,C85,S
402,0,3,"Passenger_402, Mr. John",male,39.69998058144936,1,0,TICKET_402,13.030838919160825,,S
403,1,1,"Passenger_403, Mr. John",male,20.37882856720386,1,0,TICKET_403,27.392938893732595,C88,S
404,0,3,"Passenger_404, Mrs. Mary",female,,1,0,TICKET_404,6.222484058330148,,C
405,0,3,"Passenger_405, Mr. John",male,24.967156937149326,3,1,TICKET_405,31.560240414161576,,C
406,1,3,"Passenger_406, Mr. John",male,,0,0,TICKET_406,5.312300393240889,,S
407,1,1,"Passenger_407, Mrs. Mary",female,22.28948930122832,2,0,TICKET_407,94.26026685502447,,S
408,1,2,"Passenger_408, Mrs. Mary",female,33.4697294154018,0,0,TICKET_408,29.705968199760886,C48,S
409,1,3,"Passenger_409, Mrs. Mary",female,41.61833654105107,2,0,TICKET_409,15.312724550028998,C15,C
410,0,3,"Passenger_410, Mr. John",male,43.486152468032984,0,1,TICKET_410,18.638706115580067,,Q
411,0,1,"Passenger_411, Mr. John",male,,0,0,TICKET_411,70.3864217697906,,S
412,0,2,"Passenger_412, Mr. John",male,45.06942555452412,0,0,TICKET_412,18.975791780318367,C43,C
413,0,3,"Passenger_413, Mr. John",male,31.180533581391273,0,1,TICKET_413,20.606741702018994,,Q
414,0,1,"Passenger_414, Mr. John",male,,0,0,TICKET_414,86.54287470838337,,Q
415,0,3,"Passenger_415, Mr. John",male,50.00400790938994,0,0,TICKET_415,4.318611480237537,,Q
416,0,1,"Passenger_416, Mr. John",male,47.53979688198477,0,0,TICKET_416,53.297407587191266,C30,S
417,0,3,"Passenger_417, Mr. John",male,29.857679909601124,1,0,TICKET_417,10.466526575260975,,Q
418,1,3,"Passenger_418, Mr. John",male,39.30583843466354,1,0,TICKET_418,6.845144585559293,,S
419,0,1,"Passenger_419, Mr. John",male,20.77390538474733,2,0,TICKET_419,29.013511414640558,,S
420,1,2,"Passenger_420, Mr. John",male,17.111839483917695,0,1,TICKET_420,16.494118184145485,C1,S
421,0,3,"Passenger_421, Mr. John",male,,1,0,TICKET_421,7.343334939655497,C59,C
422,0,3,"Passenger_422, Mr. John",male,16.09297820585269,1,1,TICKET_422,5.430659527446113,,S
423,0,2,"Passenger_423, Mr. John",male,39.169658179103656,0,0,TICKET_423,27.780086699028605,,S
424,1,1,"Passenger_424, Mr. John",male,,0,1,TICKET_424,62.68583636731613,C80,C
425,0,3,"Passenger_425, Mr. John",male,,3,1,TICKET_425,11.5164926165731,,S
426,0,2,"Passenger_426, Mr. John",male,47.327152605167974,0,0,TICKET_426,23.38061018790998,,S
427,0,3,"Passenger_427, Mrs. Mary",female,40.090340047244375,0,1,TICKET_427,7.16014508465601,,S
428,1,3,"Passenger_428, Mr. John",male,,1,0,TICKET_428,16.015078567526107,,S
429,1,1,"Passenger_429, Mrs. Mary",female,,0,1,TICKET_429,59.871177401749684,,Q
430,1,3,"Passenger_430, Mrs. Mary",female,,0,1,TICKET_430,30.177863415523273,,S
431,0,3,"Passenger_431, Mrs. Mary",female,,0,0,TICKET_431,10.190973332028829,C89,S
432,0,3,"Passenger_432, Mr. John",male,,1,0,TICKET_432,11.123381148457554,,S
433,1,3,"Passenger_433, Miss. Mary",female,7.034961659616098,0,2,TICKET_433,15.249743887041177,,S
434,0,2,"Passenger_434, Mr. John",male,61.62357970671464,1,0,TICKET_434,15.312619724142985,,S
435,1,2,"Passenger_435, Master. John",male,1.0,2,1,TICKET_435,26.698473623355852,,Q
436,1,3,"Passenger_436, Mrs. Mary",female,,0,0,TICKET_436,11.15442856061126,,S
437,1,3,"Passenger_437, Mrs. Mary",female,26.84902340618883,1,0,TICKET_437,12.953185216981833,,Q
438,1,1,"Passenger_438, Mr. John",male,35.06500067166434,0,0,TICKET_438,114.68793012977359,C48,S
439,1,2,"Passenger_439, Mrs. Mary",female,36.43924930339293,1,0,TICKET_439,16.169146880367457,,S
440,1,3,"Passenger_440, Mrs. Mary",female,28.608490634796286,0,0,TICKET_440,10.178894113934568,,S
441,0,3,"Passenger_441, Mr. John",male,38.12138378289289,0,0,TICKET_441,11.842896430311397,C82,S
442,1,3,"Passenger_442, Mrs. Mary",female,,1,0,TICKET_442,18.60913984784554,,S
443,0,3,"Passenger_443, Mr. John",male,,0,0,TICKET_443,11.628264487666257,,S
444,1,2,"Passenger_444, Mrs. Mary",female,27.05521304516567,1,0,TICKET_444,27.88127346761007,,S
445,1,3,"Passenger_445, Miss. Mary",female,16.638076740420793,1,1,TICKET_445,8.885300264086874,,S
446,1,1,"Passenger_446, Mr. John",male,,0,1,TICKET_446,91.52969114525249,,S
447,1,1,"Passenger_447, Mrs. Mary",female,41.13053669723503,0,0,TICKET_447,59.961979478442146,,S
448,0,2,"Passenger_448, Mr. John",male,,4,0,TICKET_448,14.491827094218191,,S
449,1,3,"Passenger_449, Miss. Mary",female,15.436998665639504,0,1,TICKET_449,5.066078313787926,,Q
450,0,2,"Passenger_450, Mr. John",male,32.69584328345676,0,0,TICKET_450,31.750353037903185,,Q
451,1,1,"Passenger_451, Mrs. Mary",female,,0,1,TICKET_451,95.09649807739974,C77,C
452,1,2,"Passenger_452, Mr. John",male,28.835638048771504,0,0,TICKET_452,32.61230657340415,,S
453,1,1,"Passenger_453, Miss. Mary",female,7.546566275325844,2,1,TICKET_453,56.66388798558984,C80,Q
454,1,3,"Passenger_454, Master. John",male,1.0,1,1,TICKET_454,9.686374976345565,,Q
455,0,3,"Passenger_455, Mrs. Mary",female,25.092365528761434,0,0,TICKET_455,5.775198797131771,,Q
456,1,1,"Passenger_456, Master. John",male,9.9485188269215,2,2,TICKET_456,50.386708091972615,,S
457,0,1,"Passenger_457, Mr. John",male,43.77491754003027,0,0,TICKET_457,81.2097939511969,,S
458,1,1,"Passenger_458, Mr. John",male,35.95750084800173,0,0,TICKET_458,60.07211360215235,C88,S
459,1,3,"Passenger_459, Mrs. Mary",female,30.692119840813366,0,0,TICKET_459,5.21865812972589,,S
460,0,3,"Passenger_460, Mrs. Mary",female,25.67024927665095,0,0,TICKET_460,7.432620387772278,,C
461,1,3,"Passenger_461, Miss. Mary",female,8.773070098919185,2,1,TICKET_461,2.4220999978572277,,S
462,1,1,"Passenger_462, Mr. John",male,43.862327345430046,1,0,TICKET_462,59.82564783242714,,Q
463,1,3,"Passenger_463, Mrs. Mary",female,,0,1,TICKET_463,6.672902629966908,,S
464,1,3,"Passenger_464, Mr. John",male,,1,0,TICKET_464,10.52223393858962,,Q
465,1,3,"Passenger_465, Mr. John",male,28.630368630600792,0,0,TICKET_465,5.186344763390754,,C
466,0,3,"Passenger_466, Master. John",male,6.086328475486184,2,2,TICKET_466,33.745512448259134,C56,S
467,0,3,"Passenger_467, Mr. John",male,43.618841552750226,0,0,TICKET_467,9.57283429433162,,Q
468,1,3,"Passenger_468, Miss. Mary",female,14.443674418461537,1,1,TICKET_468,3.0812742363822605,C56,S
469,0,3,"Passenger_469, Mrs. Mary",female,36.5741253587492,0,2,TICKET_469,3.562033587333863,,S
470,1,1,"Passenger_470, Mr. John",male,55.99306411186737,1,0,TICKET_470,52.41102733197849,,S
471,0,3,"Passenger_471, Mrs. Mary",female,57.13847516244171,0,0,TICKET_471,8.843871136904633,,S
472,1,2,"Passenger_472, Mrs. Mary",female,22.244203601179006,0,1,TICKET_472,12.776913160048856,,C
473,0,3,"Passenger_473, Mr. John",male,30.35295214556115,0,0,TICKET_473,4.172189199859211,C27,S
474,1,3,"Passenger_474, Mrs. Mary",female,22.679622036060508,2,0,TICKET_474,11.729441932548369,,S
475,1,1,"Passenger_475, Mr. John",male,41.23925681498509,1,1,TICKET_475,283.797030909561,,S
476,0,1,"Passenger_476, Mr. John",male,26.1825075578786,0,1,TICKET_476,75.30194229058425,,S
477,1,3,"Passenger_477, Mr. John",male,46.828792414923285,0,1,TICKET_477,12.13410543072381,,S
478,0,3,"Passenger_478, Mr. John",male,52.491663408036686,0,0,TICKET_478,5.761608317378839,,Q
479,0,1,"Passenger_479, Mr. John",male,19.97814842140989,0,0,TICKET_479,44.378891635456846,,S
480,1,1,"Passenger_480, Mr. John",male,26.85865046152129,0,0,TICKET_480,111.11334277875974,,S
481,1,1,"Passenger_481, Mrs. Mary",female,20.316854307780456,2,0,TICKET_481,47.941620046095515,,C
482,1,3,"Passenger_482, Mrs. Mary",female,28.930612595901227,0,0,TICKET_482,5.689962551092337,,S
483,1,2,"Passenger_483, Mr. John",male,18.732817519951606,1,0,TICKET_483,25.01661415454123,C63,S
484,0,3,"Passenger_484, Mr. John",male,,2,0,TICKET_484,3.910061291086909,,C
485,0,1,"Passenger_485, Mr. John",male,33.87241071715653,0,0,TICKET_485,121.23615350659189,,S
486,1,2,"Passenger_486, Master. John",male,14.710303195120058,1,1,TICKET_486,21.202844329343492,C94,S
487,1,3,"Passenger_487, Mr. John",male,,1,0,TICKET_487,13.799069393436973,,S
488,0,3,"Passenger_488, Mr. John",male,46.36380980363806,0,0,TICKET_488,7.343442973450096,C51,S
489,1,2,"Passenger_489, Mr. John",male,36.56005097935546,1,0,TICKET_489,34.008771235958626,,S
490,1,1,"Passenger_490, Mrs. Mary",female,27.472150109475667,0,1,TICKET_490,112.67694195350984,,S
491,1,1,"Passenger_491, Mr. John",male,33.765489197726396,2,0,TICKET_491,75.33810649407806,C3,Q
492,0,3,"Passenger_492, Mr. John",male,45.74771884161983,0,0,TICKET_492,16.991662115507435,,S
493,1,3,"Passenger_493, Mrs. Mary",female,25.486418876113863,0,0,TICKET_493,14.638508376907732,,C
494,1,3,"Passenger_494, Mrs. Mary",female,,0,2,TICKET_494,4.098669459828293,,S
495,1,2,"Passenger_495, Mr. John",male,32.80632106076444,0,0,TICKET_495,17.678196324476346,,S
496,0,3,"Passenger_496, Mr. John",male,31.340301674131887,0,0,TICKET_496,6.708246263411354,,S
497,0,3,"Passenger_497, Mr. John",male,51.803275443650065,0,0,TICKET_497,11.70703406092245,,S
498,1,3,"Passenger_498, Mrs. Mary",female,,1,0,TICKET_498,11.39171867320118,C76,C
499,0,3,"Passenger_499, Mr. John",male,,0,0,TICKET_499,10.079043870950773,C55,Q
500,1,1,"Passenger_500, Mr. John",male,42.09525292177817,0,1,TICKET_500,66.29657577322715,,Q
501,0,1,"Passenger_501, Mr. John",male,41.99383472339578,0,0,TICKET_501,154.2675671626005,,S
502,1,2,"Passenger_502, Master. John",male,7.8297625429738815,0,2,TICKET_502,23.69347194534885,C71,S
503,1,1,"Passenger_503, Mr. John",male,16.218405237845438,1,1,TICKET_503,89.32843418574447,,C
504,1,3,"Passenger_504, Mr. John",male,27.473116774143662,2,0,TICKET_504,5.6788881631604955,,S
505,1,2,"Passenger_505, Mr. John",male,26.349222152415045,0,0,TICKET_505,12.23835318577004,,S
506,0,3,"Passenger_506, Mrs. Mary",female,21.351319101553784,0,0,TICKET_506,7.576316129277786,,C
507,0,3,"Passenger_507, Mr. John",male,,0,2,TICKET_507,6.120590445849102,C62,S
508,1,3,"Passenger_508, Mr. John",male,16.57433259051773,0,1,TICKET_508,13.963673028722823,C80,S
509,1,3,"Passenger_509, Mrs. Mary",female,,0,1,TICKET_509,9.921488400251436,,S
510,1,2,"Passenger_510, Mrs. Mary",female,24.473863960803108,2,0,TICKET_510,19.043555376555545,,C
511,0,3,"Passenger_511, Mr. John",male,24.264421350947607,0,0,TICKET_511,8.001915678408407,,S
512,1,1,"Passenger_512, Mr. John",male,35.660696686828516,1,0,TICKET_512,42.2604862556848,,S
513,0,3,"Passenger_513, Mr. John",male,,0,0,TICKET_513,20.608939029358087,C70,S
514,1,3,"Passenger_514, Mr. John",male,26.976552715096748,1,0,TICKET_514,14.421768208001499,C59,S
515,1,2,"Passenger_515, Mr. John",male,35.85849402759311,1,0,TICKET_515,12.819243264039171,,S
516,1,3,"Passenger_516, Miss. Mary",female,15.324072039777477,0,2,TICKET_516,24.36957997812891,C97,C
517,1,1,"Passenger_517, Miss. Mary",female,10.727562658263189,1,2,TICKET_517,82.04740379316695,C33,S
518,0,3,"Passenger_518, Mr. John",male,25.971878364755334,1,0,TICKET_518,9.632408606467688,C50,S
519,1,3,"Passenger_519, Mrs. Mary",female,,0,0,TICKET_519,33.75361856494343,C39,Q
520,1,3,"Passenger_520, Mr. John",male,,1,0,TICKET_520,14.394887436648272,,S
521,1,3,"Passenger_521, Mrs. Mary",female,23.117889364996365,0,0,TICKET_521,8.667325048082288,,S
522,1,3,"Passenger_522, Mrs. Mary",female,24.856174571613657,0,0,TICKET_522,3.5853760728640376,,S
523,0,2,"Passenger_523, Mr. John",male,32.12673651017211,1,0,TICKET_523,20.167665187444726,,S
524,1,1,"Passenger_524, Miss. Mary",female,14.29769176251462,2,1,TICKET_524,42.13192452755719,,Q
525,1,1,"Passenger_525, Mr. John",male,41.04298976378222,0,0,TICKET_525,76.06136136114021,,C
526,0,1,"Passenger_526, Mr. John",male,46.93928961982196,0,1,TICKET_526,115.71666816327699,,S
527,1,3,"Passenger_527, Master. John",male,2.321006365255016,0,1,TICKET_527,15.519022720599468,,Q
528,1,2,"Passenger_528, Miss. Mary",female,6.835483296956099,2,2,TICKET_528,30.624927617251103,,C
529,0,3,"Passenger_529, Mr. John",male,43.75719670181278,1,0,TICKET_529,6.877557817794352,,S
530,0,3,"Passenger_530, Mr. John",male,38.627160903109726,2,0,TICKET_530,9.842832118893664,,C
531,1,1,"Passenger_531, Mrs. Mary",female,,0,0,TICKET_531,72.99472070056711,C96,S
532,1,3,"Passenger_532, Master. John",male,12.220019636485738,2,1,TICKET_532,12.609116262854696,,C
533,0,2,"Passenger_533, Mr. John",male,,0,2,TICKET_533,27.62388427614089,,Q
534,1,3,"Passenger_534, Master. John",male,14.666212736200734,2,1,TICKET_534,1.8434671025013039,,S
535,1,1,"Passenger_535, Mrs. Mary",female,,0,1,TICKET_535,61.244305679316824,,S
536,1,1,"Passenger_536, Mr. John",male,60.09374569225933,0,1,TICKET_536,166.79112625317885,,S
537,1,3,"Passenger_537, Mr. John",male,49.98227510004903,0,0,TICKET_537,7.317601597510606,C14,C
538,0,3,"Passenger_538, Mr. John",male,,0,0,TICKET_538,16.984647636217296,,S
539,1,1,"Passenger_539, Mr. John",male,,0,1,TICKET_539,118.9206953532335,,S
540,0,3,"Passenger_540, Mr. John",male,26.36033615864472,1,0,TICKET_540,5.843603997725047,,S
541,1,1,"Passenger_541, Mrs. Mary",female,19.748180624701945,1,0,TICKET_541,40.686935196861675,,C
542,1,3,"Passenger_542, Mrs. Mary",female,,0,0,TICKET_542,7.104517503325144,,Q
543,1,1,"Passenger_543, Mrs. Mary",female,51.24431442564721,2,0,TICKET_543,68.72067478404216,,Q
544,1,3,"Passenger_544, Master. John",male,10.234076083492774,1,1,TICKET_544,8.009422331425897,,S
545,1,1,"Passenger_545, Miss. Mary",female,4.859903922798022,1,1,TICKET_545,98.77016298669602,,S
546,1,1,"Passenger_546, Mr. John",male,,0,0,TICKET_546,55.294476224289845,,Q
547,1,1,"Passenger_547, Mrs. Mary",female,27.642487567386013,2,0,TICKET_547,108.39747350946712,C53,C
548,0,2,"Passenger_548, Mr. John",male,,0,0,TICKET_548,25.57246554778283,,S
549,0,1,"Passenger_549, Mr. John",male,,2,0,TICKET_549,44.1782468263758,,Q
550,1,2,"Passenger_550, Mrs. Mary",female,43.21336907984058,2,0,TICKET_550,33.68653207561931,,C
551,1,1,"Passenger_551, Mrs. Mary",female,21.617485961665665,0,0,TICKET_551,75.13432239123429,,S
552,1,3,"Passenger_552, Mrs. Mary",female,,1,2,TICKET_552,11.842507793790267,,Q
553,0,3,"Passenger_553, Mr. John",male,60.877413955715795,0,0,TICKET_553,16.439194473480573,C19,C
554,0,3,"Passenger_554, Mr. John",male,,0,0,TICKET_554,3.155502757601938,,S
555,1,3,"Passenger_555, Mrs. Mary",female,39.12194944232586,0,0,TICKET_555,4.926646370046948,,S
556,1,1,"Passenger_556, Mr. John",male,25.368126199966486,0,2,TICKET_556,66.77512153510132,,C
557,1,1,"Passenger_557, Mr. John",male,22.158270368696616,1,0,TICKET_557,58.853333114441874,,S
558,1,2,"Passenger_558, Mrs. Mary",female,22.740645237516325,0,0,TICKET_558,24.555024325711237,,S
559,1,2,"Passenger_559, Mrs. Mary",female,,1,1,TICKET_559,26.59658958966097,,C
560,1,2,"Passenger_560, Mrs. Mary",female,31.98306994041296,0,2,TICKET_560,16.257400221505517,C2,S
561,0,3,"Passenger_561, Mr. John",male,,0,1,TICKET_561,15.236225838962278,C91,S
562,1,3,"Passenger_562, Mrs. Mary",female,,0,0,TICKET_562,9.53421772675014,C71,S
563,0,3,"Passenger_563, Mr. John",male,17.76687530262334,0,1,TICKET_563,14.604652136461116,C27,C
564,1,2,"Passenger_564, Mr. John",male,36.00849367824998,0,1,TICKET_564,28.012617217251304,,C
565,1,3,"Passenger_565, Mrs. Mary",female,25.337853064713304,0,0,TICKET_565,7.3013187230940355,C18,S
566,0,3,"Passenger_566, Mr. John",male,,1,1,TICKET_566,3.7416690490777484,,S
567,0,3,"Passenger_567, Mr. John",male,51.6413459802983,2,0,TICKET_567,15.631128005811389,,S
568,1,1,"Passenger_568, Miss. Mary",female,13.717315145404307,1,1,TICKET_568,177.93140692770876,,S
569,0,3,"Passenger_569, Mr. John",male,17.008087504641026,2,1,TICKET_569,13.206813656230905,,C
570,1,3,"Passenger_570, Miss. Mary",female,11.257511721837147,1,1,TICKET_570,6.08487961936002,,S
571,0,3,"Passenger_571, Mrs. Mary",female,35.73254320645866,1,0,TICKET_571,27.32078493616091,,S
572,0,2,"Passenger_572, Mr. John",male,25.604068651688667,0,0,TICKET_572,22.776958063070147,,S
573,0,3,"Passenger_573, Mr. John",male,31.117631086361673,1,1,TICKET_573,5.040984964531102,,S
574,0,2,"Passenger_574, Mr. John",male,48.87740920783419,0,0,TICKET_574,26.703981880697935,C39,S
575,1,1,"Passenger_575, Mrs. Mary",female,39.4065726590905,2,0,TICKET_575,54.39487535297515,C66,S
576,0,3,"Passenger_576, Mr. John",male,,0,0,TICKET_576,3.753188062985333,,S
577,0,3,"Passenger_577, Mr. John",male,,2,0,TICKET_577,18.2120410239906,,S
578,1,2,"Passenger_578, Miss. Mary",female,2.2746835510909307,1,1,TICKET_578,31.07447273664482,,S
579,1,3,"Passenger_579, Miss. Mary",female,17.550296341346943,2,2,TICKET_579,4.494355008124072,,C
580,1,2,"Passenger_580, Mr. John",male,26.80760758301169,0,1,TICKET_580,35.713563684968534,,S
581,0,3,"Passenger_581, Mr. John",male,63.34398944425564,1,0,TICKET_581,13.64834206519408,C43,S
582,0,1,"Passenger_582, Mr. John",male,21.662708935296287,0,0,TICKET_582,71.58525989220708,,S
583,0,2,"Passenger_583, Mr. John",male,46.546030733529925,1,0,TICKET_583,25.968490751855267,,S
584,0,3,"Passenger_584, Mr. John",male,28.929768218801023,0,0,TICKET_584,6.186120857466233,,S
585,1,3,"Passenger_585, Master. John",male,5.803882800614371,0,2,TICKET_585,8.944048809531807,,S
586,0,2,"Passenger_586, Mr. John",male,,0,0,TICKET_586,55.87362073001357,C85,S
587,1,3,"Passenger_587, Miss. Mary",female,17.81925200506889,0,1,TICKET_587,16.195025320172522,,S
588,1,1,"Passenger_588, Mr. John",male,35.054352031998576,0,0,TICKET_588,108.20757052932612,C43,S
589,1,3,"Passenger_589, Master. John",male,7.559294134822444,0,2,TICKET_589,6.097739919564106,,C
590,1,2,"Passenger_590, Mr. John",male,17.794411268189528,1,1,TICKET_590,34.55573349028472,,S
591,1,2,"Passenger_591, Mrs. Mary",female,19.213524007587782,0,0,TICKET_591,28.014746965204765,,S
592,0,1,"Passenger_592, Mr. John",male,36.65974445097639,0,0,TICKET_592,44.66601988362719,,C
593,1,1,"Passenger_593, Mr. John",male,45.81516368208432,0,0,TICKET_593,72.12787417015046,,S
594,0,3,"Passenger_594, Mr. John",male,,1,0,TICKET_594,14.668415122924827,C9,C
595,1,1,"Passenger_595, Miss. Mary",female,7.685748203028247,1,1,TICKET_595,47.05633140899183,C34,S
596,1,3,"Passenger_596, Mr. John",male,,0,1,TICKET_596,7.035854002514889,C26,Q
597,1,2,"Passenger_597, Mr. John",male,,0,0,TICKET_597,23.771069894203677,,S
598,1,3,"Passenger_598, Mr. John",male,20.466451034003533,2,0,TICKET_598,4.185727607011838,,S
599,0,3,"Passenger_599, Mr. John",male,,0,0,TICKET_599,7.660151325244723,C81,S
600,1,3,"Passenger_600, Master. John",male,12.608548530310792,0,1,TICKET_600,5.140788348927519,,C
601,1,1,"Passenger_601, Mrs. Mary",female,32.179579555651166,0,2,TICKET_601,96.5284452229622,,C
602,0,3,"Passenger_602, Mr. John",male,41.792162578194635,0,0,TICKET_602,9.13029485511473,C21,S
603,0,3,"Passenger_603, Mrs. Mary",female,28.19022107973273,1,0,TICKET_603,20.937241603868685,,S
604,1,2,"Passenger_604, Miss. Mary",female,16.39547476923822,1,2,TICKET_604,22.02545100310779,,S
605,1,3,"Passenger_605, Mrs. Mary",female,18.55094837289152,0,0,TICKET_605,6.6002310309570325,,S
606,1,3,"Passenger_606, Master. John",male,13.069970214929807,0,1,TICKET_606,5.574367450341867,,S
607,0,1,"Passenger_607, Mr. John",male,29.137347372908188,0,0,TICKET_607,123.28825537172054,,C
608,0,1,"Passenger_608, Mr. John",male,31.922558061973206,1,0,TICKET_608,134.89015494206396,,C
609,1,2,"Passenger_609, Mrs. Mary",female,,0,1,TICKET_609,18.24282746442323,,S
610,0,3,"Passenger_610, Mr. John",male,,2,0,TICKET_610,10.25210962019368,,S
611,1,3,"Passenger_611, Mrs. Mary",female,,0,0,TICKET_611,9.216443417630527,,S
612,0,2,"Passenger_612, Mr. John",male,,0,1,TICKET_612,20.184691346170258,C81,S
613,0,3,"Passenger_613, Mr. John",male,38.67564490256957,2,0,TICKET_613,3.1098702383643224,,Q
614,1,1,"Passenger_614, Mrs. Mary",female,43.88676013660362,0,0,TICKET_614,36.44137255619773,,S
615,1,2,"Passenger_615, Mrs. Mary",female,,0,0,TICKET_615,25.7256959612591,C87,Q
616,0,3,"Passenger_616, Mr. John",male,22.91983595897527,1,0,TICKET_616,16.254153832693497,,S
617,1,3,"Passenger_617, Mrs. Mary",female,20.43429433444253,0,0,TICKET_617,12.590016951973306,,S
618,1,3,"Passenger_618, Mr. John",male,,0,0,TICKET_618,13.475595141670446,,S
619,1,3,"Passenger_619, Mr. John",male,26.693308967369596,0,1,TICKET_619,10.71076417500357,,S
620,0,3,"Passenger_620, Mr. John",male,40.614496316917695,3,1,TICKET_620,4.61819744348696,,S
621,0,3,"Passenger_621, Mr. John",male,44.4241889906594,0,0,TICKET_621,12.682277316405997,,C
622,0,2,"Passenger_622, Mr. John",male,28.3993144935351,0,0,TICKET_622,29.822229067490397,,S
623,1,3,"Passenger_623, Master. John",male,14.655363052451678,2,1,TICKET_623,4.0784981458275595,C93,S
624,0,1,"Passenger_624, Mr. John",male,41.76499553509772,0,1,TICKET_624,184.57909913034297,,S
625,0,3,"Passenger_625, Mr. John",male,,2,0,TICKET_625,7.9488252209820365,,S
626,1,1,"Passenger_626, Mrs. Mary",female,28.360732703600274,0,0,TICKET_626,83.88921009371239,,S
627,1,3,"Passenger_627, Miss. Mary",female,11.748579346892608,2,2,TICKET_627,7.468619143131723,,S
628,0,3,"Passenger_628, Mr. John",male,44.54048496892344,0,0,TICKET_628,9.45533534396825,C71,S
629,0,3,"Passenger_629, Mr. John",male,,1,1,TICKET_629,9.790671473995234,,C
630,0,3,"Passenger_630, Mr. John",male,50.35767654757799,0,0,TICKET_630,18.443815691042442,,S
631,1,2,"Passenger_631, Mrs. Mary",female,30.21720040782282,1,0,TICKET_631,57.99723698075136,,S
632,1,2,"Passenger_632, Mr. John",male,16.66421434807487,0,2,TICKET_632,22.841959213212,C83,C
633,1,1,"Passenger_633, Mrs. Mary",female,19.893768456434245,0,1,TICKET_633,186.6520106141207,,S
634,0,3,"Passenger_634, Mr. John",male,23.893169291261664,0,1,TICKET_634,6.581189201611141,,C
635,1,1,"Passenger_635, Mr. John",male,42.6629529793567,1,1,TICKET_635,42.37641581478402,,S
636,0,2,"Passenger_636, Mrs. Mary",female,,0,0,TICKET_636,21.69589637149067,,S
637,1,3,"Passenger_637, Mrs. Mary",female,34.451243877773265,0,0,TICKET_637,7.300662502316476,,S
638,1,2,"Passenger_638, Miss. Mary",female,15.255831223087766,0,2,TICKET_638,17.377244793920458,,Q
639,0,3,"Passenger_639, Mrs. Mary",female,,0,0,TICKET_639,4.150354636676025,,C
640,0,2,"Passenger_640, Mr. John",male,43.9617233517708,0,1,TICKET_640,16.13135413258853,,S
641,0,3,"Passenger_641, Mr. John",male,18.678738944620104,2,0,TICKET_641,23.215431601201356,C57,C
642,0,3,"Passenger_642, Mr. John",male,,0,0,TICKET_642,9.985561541663717,,Q
643,1,2,"Passenger_643, Mr. John",male,27.25900620643986,1,2,TICKET_643,13.237998452270972,C15,C
644,0,3,"Passenger_644, Mr. John",male,,0,1,TICKET_644,10.727505593546482,,S
645,1,3,"Passenger_645, Mrs. Mary",female,,0,0,TICKET_645,12.9644416532386,,S
646,1,3,"Passenger_646, Mrs. Mary",female,42.47475868998535,0,0,TICKET_646,9.18674069231309,,S
647,0,3,"Passenger_647, Mr. John",male,,1,0,TICKET_647,6.920455039986564,,S
648,1,1,"Passenger_648, Mrs. Mary",female,28.526267265085448,0,0,TICKET_648,62.68714127665548,,S
649,0,2,"Passenger_649, Mr. John",male,24.023019535539465,1,0,TICKET_649,13.215607379228102,,C
650,0,3,"Passenger_650, Mr. John",male,,0,0,TICKET_650,5.786454973539186,C81,S
651,0,3,"Passenger_651, Mrs. Mary",female,35.071509130463426,0,0,TICKET_651,21.875183600340957,,S
652,1,3,"Passenger_652, Master. John",male,7.320810156699977,1,1,TICKET_652,7.571293929516753,,S
653,0,3,"Passenger_653, Mr. John",male,17.30469183562397,1,1,TICKET_653,19.809331768116596,,S
654,1,3,"Passenger_654, Master. John",male,10.746848348529117,0,2,TICKET_654,8.252434760605556,,S
655,1,1,"Passenger_655, Master. John",male,10.960431338331556,1,1,TICKET_655,123.21120466569967,,S
656,0,2,"Passenger_656, Mr. John",male,43.7414602541877,1,0,TICKET_656,22.420261568289387,,S
657,0,3,"Passenger_657, Master. John",male,10.412902005417344,1,1,TICKET_657,4.220090628983253,,S
658,1,3,"Passenger_658, Mr. John",male,29.016914938753366,0,1,TICKET_658,2.557067364916775,,S
659,0,3,"Passenger_659, Mr. John",male,19.01173255099323,0,1,TICKET_659,21.896916557531576,,S
660,0,3,"Passenger_660, Mr. John",male,39.04246588386249,1,0,TICKET_660,5.20946740088715,,S
661,1,2,"Passenger_661, Mr. John",male,33.55189407288538,0,0,TICKET_661,14.028598962414517,,C
662,0,3,"Passenger_662, Mr. John",male,18.24725772218094,0,0,TICKET_662,17.480458032398737,,S
663,1,1,"Passenger_663, Mr. John",male,47.359115302040266,1,0,TICKET_663,66.71037269290437,,S
664,1,3,"Passenger_664, Mrs. Mary",female,18.40111813891074,2,0,TICKET_664,13.528481691814976,,S
665,0,1,"Passenger_665, Mr. John",male,49.15311090684041,1,0,TICKET_665,71.01923062196133,C32,S
666,1,2,"Passenger_666, Mrs. Mary",female,44.68574800399056,0,0,TICKET_666,28.469276344028547,,Q
667,0,3,"Passenger_667, Mr. John",male,43.24063794777417,0,0,TICKET_667,16.30380101376252,,S
668,1,2,"Passenger_668, Mrs. Mary",female,21.298225593126247,1,0,TICKET_668,32.11760568024188,C57,C
669,1,3,"Passenger_669, Mrs. Mary",female,29.300035641561312,0,2,TICKET_669,10.169421827610881,,S
670,1,3,"Passenger_670, Mrs. Mary",female,,1,0,TICKET_670,5.449764974162121,,S
671,0,1,"Passenger_671, Mr. John",male,30.481204654423642,3,0,TICKET_671,49.960277225959295,C41,S
672,1,2,"Passenger_672, Mr. John",male,37.034995745810065,0,0,TICKET_672,14.065154893596153,,S
673,1,1,"Passenger_673, Mrs. Mary",female,36.84278877967181,1,0,TICKET_673,100.34889882804279,C81,S
674,0,2,"Passenger_674, Mrs. Mary",female,23.437529047711127,0,0,TICKET_674,32.13704558514361,,Q
675,0,3,"Passenger_675, Master. John",male,15.698760097905705,0,1,TICKET_675,5.716395091405766,,S
676,0,2,"Passenger_676, Mr. John",male,50.404825164435195,1,1,TICKET_676,27.705823103674277,C80,S
677,0,2,"Passenger_677, Mr. John",male,,0,0,TICKET_677,34.28345729087109,C53,C
678,0,2,"Passenger_678, Mr. John",male,,0,0,TICKET_678,10.47246357077992,,S
679,0,2,"Passenger_679, Mr. John",male,32.287399869414635,0,0,TICKET_679,13.727635538520166,C86,S
680,0,1,"Passenger_680, Mr. John",male,39.88723364673898,1,0,TICKET_680,74.73851700847517,,S
681,0,3,"Passenger_681, Mr. John",male,37.478910073245444,1,0,TICKET_681,6.275348664631929,,S
682,0,3,"Passenger_682, Mr. John",male,,0,0,TICKET_682,4.873010763644814,,S
683,1,2,"Passenger_683, Mr. John",male,30.451559206853396,0,0,TICKET_683,41.539403779588014,,S
684,0,3,"Passenger_684, Mrs. Mary",female,,1,1,TICKET_684,16.11576756638813,,S
685,0,3,"Passenger_685, Mr. John",male,24.91730190835988,1,1,TICKET_685,4.408460159007175,,S
686,1,1,"Passenger_686, Mrs. Mary",female,,2,0,TICKET_686,56.132037734401344,,S
687,1,2,"Passenger_687, Master. John",male,6.536825732612577,2,1,TICKET_687,20.97570764525785,,S
688,0,3,"Passenger_688, Mr. John",male,,0,0,TICKET_688,3.4516174500255605,,S
689,0,3,"Passenger_689, Mr. John",male,16.967606588155277,1,1,TICKET_689,19.36979111545668,C51,S
690,1,3,"Passenger_690, Master. John",male,12.11012356111614,1,1,TICKET_690,13.10035285103895,,S
691,1,3,"Passenger_691, Master. John",male,3.681011154429065,0,1,TICKET_691,18.538218946256837,,Q
692,1,3,"Passenger_692, Mrs. Mary",female,39.350709950950716,0,0,TICKET_692,4.0762180663562235,,S
693,0,3,"Passenger_693, Mr. John",male,69.18571342412523,1,1,TICKET_693,11.873839003595833,,S
694,1,1,"Passenger_694, Mrs. Mary",female,38.52452578485788,0,0,TICKET_694,65.32837126381699,C87,S
695,1,3,"Passenger_695, Mr. John",male,23.609037821442936,1,0,TICKET_695,17.153779466513825,,S
696,0,3,"Passenger_696, Mr. John",male,26.96867523449357,1,0,TICKET_696,5.64279341734351,C27,Q
697,0,3,"Passenger_697, Mr. John",male,33.707832116729335,1,0,TICKET_697,7.1344688342484925,C79,S
698,0,3,"Passenger_698, Mr. John",male,,0,0,TICKET_698,10.312429288360502,C29,S
699,0,2,"Passenger_699, Mr. John",male,33.22693567125612,4,1,TICKET_699,16.431234222376954,C44,S
700,0,1,"Passenger_700, Mr. John",male,28.911182196298174,2,1,TICKET_700,53.08782274567962,,S
701,0,3,"Passenger_701, Mrs. Mary",female,19.869469531420002,0,0,TICKET_701,6.6321449316248895,,C
702,1,3,"Passenger_702, Miss. Mary",female,12.709001928315278,1,1,TICKET_702,12.67160970293182,,S
703,0,3,"Passenger_703, Mr. John",male,,1,0,TICKET_703,15.860680901092786,,C
704,1,1,"Passenger_704, Mrs. Mary",female,51.885344193639405,1,0,TICKET_704,45.00834753886532,C74,S
705,0,2,"Passenger_705, Master. John",male,13.837704773386918,0,1,TICKET_705,49.56607348200961,,C
706,0,3,"Passenger_706, Mr. John",male,34.88657603089198,1,1,TICKET_706,10.350030167034392,C26,S
707,0,3,"Passenger_707, Mr. John",male,,1,0,TICKET_707,6.765722363748053,,S
708,0,3,"Passenger_708, Master. John",male,13.627271191157767,1,1,TICKET_708,6.293484839075124,,S
709,0,3,"Passenger_709, Master. John",male,1.0,1,1,TICKET_709,8.023406200670191,,S
710,0,3,"Passenger_710, Mr. John",male,49.463574585167855,0,0,TICKET_710,22.0579527811728,,S
711,1,3,"Passenger_711, Mrs. Mary",female,24.9399161529026,1,1,TICKET_711,15.630786108619102,,S
712,0,3,"Passenger_712, Mrs. Mary",female,20.817949210895787,0,0,TICKET_712,8.47177924986908,C14,S
713,0,1,"Passenger_713, Mrs. Mary",female,26.836578271985708,1,1,TICKET_713,55.14675367881074,,C
714,0,3,"Passenger_714, Mr. John",male,19.508576400771837,1,0,TICKET_714,7.73181622725729,,S
715,1,3,"Passenger_715, Mr. John",male,43.15436320620612,0,1,TICKET_715,4.182976341034336,,S
716,0,3,"Passenger_716, Mr. John",male,44.191237618032886,0,0,TICKET_716,6.3559187519439,,S
717,1,3,"Passenger_717, Mr. John",male,40.285591674935674,0,0,TICKET_717,22.35227417096651,,Q
718,1,3,"Passenger_718, Master. John",male,14.263633413771483,1,2,TICKET_718,11.960258343810244,,Q
719,1,1,"Passenger_719, Mrs. Mary",female,18.950269174076652,0,0,TICKET_719,37.31680662520463,,S
720,1,1,"Passenger_720, Mrs. Mary",female,23.289533836809532,1,0,TICKET_720,53.6221208798666,,S
721,0,3,"Passenger_721, Mr. John",male,49.728497510436235,1,1,TICKET_721,7.073008315668601,C12,Q
722,1,2,"Passenger_722, Master. John",male,4.384454587086839,1,2,TICKET_722,25.697322469788986,C65,S
723,0,1,"Passenger_723, Mr. John",male,33.92173603387489,0,0,TICKET_723,25.0947711119009,,S
724,0,1,"Passenger_724, Mr. John",male,46.59027493133375,0,0,TICKET_724,35.333998705635516,,S
725,1,2,"Passenger_725, Mrs. Mary",female,34.57230808084182,0,1,TICKET_725,28.612361441773462,,S
726,0,1,"Passenger_726, Mr. John",male,,0,0,TICKET_726,64.85730797022015,C54,S
727,0,3,"Passenger_727, Mr. John",male,,0,0,TICKET_727,11.295554066841818,,S
728,1,3,"Passenger_728, Mrs. Mary",female,22.860752091221787,1,0,TICKET_728,10.354971918949358,,S
729,1,3,"Passenger_729, Mrs. Mary",female,,0,0,TICKET_729,12.567101457013635,,S
730,1,3,"Passenger_730, Mrs. Mary",female,35.9322934584753,2,2,TICKET_730,12.52088937292964,,S
731,0,1,"Passenger_731, Mr. John",male,37.79589162710511,0,0,TICKET_731,24.139259448412393,C62,S
732,0,1,"Passenger_732, Mr. John",male,32.57566671115755,0,0,TICKET_732,39.72781401892989,,S
733,0,1,"Passenger_733, Mr. John",male,,0,2,TICKET_733,80.80975965575435,,C
734,0,3,"Passenger_734, Mr. John",male,,1,0,TICKET_734,15.011528352197667,,Q
735,0,1,"Passenger_735, Mr. John",male,42.62776039450355,0,0,TICKET_735,147.28700776459388,,S
736,0,2,"Passenger_736, Mr. John",male,20.36029933382936,0,0,TICKET_736,21.229299301880936,,S
737,1,3,"Passenger_737, Miss. Mary",female,4.640227220352067,2,1,TICKET_737,15.01222603411504,C14,S
738,1,3,"Passenger_738, Master. John",male,1.0,2,1,TICKET_738,9.93760222106489,,S
739,0,3,"Passenger_739, Mr. John",male,21.725741619731952,0,0,TICKET_739,11.246196296612155,,S
740,0,1,"Passenger_740, Mrs. Mary",female,,0,0,TICKET_740,54.772826762933626,,C
741,1,3,"Passenger_741, Master. John",male,14.613450856553971,0,1,TICKET_741,22.16096927651613,,S
742,0,3,"Passenger_742, Mrs. Mary",female,30.08704105333802,0,0,TICKET_742,7.597060495931997,,S
743,0,3,"Passenger_743, Mr. John",male,28.44153611683079,1,2,TICKET_743,10.480777520314074,,S
744,0,1,"Passenger_744, Mr. John",male,,2,0,TICKET_744,28.091032893003838,,S
745,1,2,"Passenger_745, Mrs. Mary",female,28.892822491340173,0,0,TICKET_745,22.72811656216177,C81,S
746,1,3,"Passenger_746, Mrs. Mary",female,,0,0,TICKET_746,9.695415573499695,C93,S
747,1,3,"Passenger_747, Mrs. Mary",female,23.301480318872915,2,1,TICKET_747,5.9133109129778685,,S
748,0,2,"Passenger_748, Mr. John",male,29.434453882269903,1,0,TICKET_748,12.164529510442032,,S
749,1,3,"Passenger_749, Mrs. Mary",female,24.369872896068387,0,0,TICKET_749,6.027690360403258,C34,S
750,0,3,"Passenger_750, Mr. John",male,44.47753986705041,0,0,TICKET_750,12.134084736748731,,C
751,1,1,"Passenger_751, Mrs. Mary",female,30.051787518644524,0,0,TICKET_751,46.951951906085036,C93,S
752,0,3,"Passenger_752, Mr. John",male,,0,0,TICKET_752,14.45629755787722,,S
753,1,1,"Passenger_753, Mr. John",male,17.663827971370964,0,1,TICKET_753,36.70742054357966,,S
754,1,1,"Passenger_754, Mrs. Mary",female,31.45289009188121,0,0,TICKET_754,52.27716130753156,,S
755,0,3,"Passenger_755, Mr. John",male,,0,1,TICKET_755,3.855875109374502,,C
756,1,1,"Passenger_756, Mr. John",male,24.547007808309047,0,0,TICKET_756,39.81739602521371,C26,C
757,0,1,"Passenger_757, Mr. John",male,30.148907756881535,0,0,TICKET_757,34.19223439399821,,S
758,1,3,"Passenger_758, Miss. Mary",female,7.547900585083934,2,1,TICKET_758,6.36672593735316,C77,S
759,0,2,"Passenger_759, Mr. John",male,27.18963082007164,1,0,TICKET_759,66.20244511296325,C44,S
760,1,3,"Passenger_760, Mr. John",male,53.69261608948105,0,1,TICKET_760,2.820652223975421,,S
761,0,3,"Passenger_761, Mr. John",male,17.84908552148385,2,2,TICKET_761,11.924186413950803,,S
762,1,1,"Passenger_762, Mr. John",male,36.1924361543028,0,0,TICKET_762,45.816083449597016,,C
763,0,2,"Passenger_763, Mr. John",male,21.906411577980993,0,0,TICKET_763,18.116019199835904,,S
764,0,3,"Passenger_764, Mr. John",male,31.28877192236789,0,2,TICKET_764,11.451493712064321,,S
765,0,3,"Passenger_765, Mr. John",male,32.119703468746884,0,0,TICKET_765,7.796362435632046,C33,S
766,0,1,"Passenger_766, Mr. John",male,46.182989226337995,2,0,TICKET_766,112.84931251693443,,S
767,1,1,"Passenger_767, Mrs. Mary",female,32.14459922002675,0,0,TICKET_767,66.99385031554726,,S
768,0,1,"Passenger_768, Mr. John",male,,1,0,TICKET_768,42.94479014902911,,Q
769,1,1,"Passenger_769, Mrs. Mary",female,21.695554219321494,0,0,TICKET_769,113.1896860930821,,S
770,0,3,"Passenger_770, Mr. John",male,,0,0,TICKET_770,4.2819462152055525,C59,S
771,0,3,"Passenger_771, Mr. John",male,,1,0,TICKET_771,16.146253277974658,,S
772,0,3,"Passenger_772, Mr. John",male,,0,0,TICKET_772,10.50448318084164,,S
773,0,3,"Passenger_773, Mr. John",male,52.24608062282017,0,1,TICKET_773,8.410971949953012,,C
774,0,1,"Passenger_774, Mr. John",male,23.985110300614878,0,0,TICKET_774,34.79401421968334,,S
775,0,3,"Passenger_775, Mr. John",male,24.851016628005226,0,0,TICKET_775,12.823336268220663,,S
776,0,3,"Passenger_776, Mr. John",male,67.33667311248013,0,0,TICKET_776,9.474252855353996,C18,C
777,1,1,"Passenger_777, Mr. John",male,30.58558878704883,0,1,TICKET_777,46.58667949696661,,Q
778,0,1,"Passenger_778, Mr. John",male,38.89014079114124,1,1,TICKET_778,52.08230516444717,,S
779,0,3,"Passenger_779, Master. John",male,13.614921533801791,2,1,TICKET_779,9.991313718629304,C97,C
780,1,2,"Passenger_780, Mrs. Mary",female,40.35926775287271,0,0,TICKET_780,29.243682436057423,C32,S
781,0,2,"Passenger_781, Mr. John",male,20.733431973384825,0,0,TICKET_781,20.119303974726407,,S
782,1,2,"Passenger_782, Mr. John",male,,0,0,TICKET_782,27.264335230146255,C95,S
783,1,1,"Passenger_783, Mrs. Mary",female,,2,0,TICKET_783,92.75059799623997,,C
784,0,3,"Passenger_784, Mr. John",male,27.375656096706862,0,0,TICKET_784,5.674546628871568,,S
785,0,3,"Passenger_785, Mr. John",male,25.203225924375403,0,0,TICKET_785,6.323320809437525,,C
786,1,2,"Passenger_786, Mr. John",male,37.21052387203742,1,0,TICKET_786,15.494828675226513,C15,S
787,1,3,"Passenger_787, Mr. John",male,30.419919341704464,0,0,TICKET_787,7.933428689976215,,S
788,0,3,"Passenger_788, Mr. John",male,28.15194606004019,0,0,TICKET_788,6.08538775587031,,S
789,1,3,"Passenger_789, Mr. John",male,26.360225046462126,0,2,TICKET_789,9.154212280283184,,S
790,1,3,"Passenger_790, Master. John",male,12.295808395629326,0,2,TICKET_790,9.283231671472779,,Q
791,1,2,"Passenger_791, Master. John",male,12.066828800009134,1,1,TICKET_791,13.319029002018159,,S
792,1,1,"Passenger_792, Master. John",male,12.38772124227128,1,1,TICKET_792,103.49974635434563,,S
793,1,1,"Passenger_793, Miss. Mary",female,4.561167805003052,1,2,TICKET_793,42.15691213344303,,S
794,1,3,"Passenger_794, Mrs. Mary",female,21.420885907009946,1,0,TICKET_794,7.471326464535011,,S
795,0,3,"Passenger_795, Mr. John",male,,0,0,TICKET_795,17.373265944531855,,Q
796,1,1,"Passenger_796, Mr. John",male,22.608083695281408,0,0,TICKET_796,131.17529783454358,,S
797,1,3,"Passenger_797, Mrs. Mary",female,34.0756707762888,1,1,TICKET_797,2.396683648099217,,S
798,1,2,"Passenger_798, Miss. Mary",female,16.746078447143347,2,1,TICKET_798,17.094788530927694,,S
799,1,3,"Passenger_799, Mrs. Mary",female,40.02266716393958,0,1,TICKET_799,9.200681748360493,,S
800,0,3,"Passenger_800, Mr. John",male,19.38125761225266,0,0,TICKET_800,7.222665360205514,,Q
801,0,3,"Passenger_801, Mr. John",male,63.97049144449788,3,0,TICKET_801,6.7713805283827755,C10,C
802,1,3,"Passenger_802, Mrs. Mary",female,50.034721031635726,0,0,TICKET_802,10.780911241589152,C27,C
803,0,3,"Passenger_803, Mr. John",male,54.35531352758631,0,0,TICKET_803,9.418181604762129,,S
804,0,3,"Passenger_804, Mr. John",male,,1,0,TICKET_804,8.956512996580017,,S
805,1,3,"Passenger_805, Mr. John",male,26.401266276617093,0,0,TICKET_805,10.368540364555837,,C
806,1,2,"Passenger_806, Mr. John",male,39.785343004043895,0,0,TICKET_806,15.617387166046731,,S
807,0,3,"Passenger_807, Mrs. Mary",female,35.630023996265244,0,0,TICKET_807,22.418486163306152,,S
808,1,3,"Passenger_808, Mrs. Mary",female,31.63903475886231,1,0,TICKET_808,17.808017899706197,,S
809,1,3,"Passenger_809, Mrs. Mary",female,37.475194410905495,2,1,TICKET_809,30.359103021406966,,C
810,0,3,"Passenger_810, Mr. John",male,,0,0,TICKET_810,17.886515741006686,,S
811,1,3,"Passenger_811, Mrs. Mary",female,37.36124736227855,0,0,TICKET_811,8.955057491751807,,S
812,0,2,"Passenger_812, Mr. John",male,19.982818203206797,0,1,TICKET_812,31.456312698579396,,S
813,1,3,"Passenger_813, Mrs. Mary",female,26.49743934041917,0,0,TICKET_813,8.612105567001567,,S
814,1,2,"Passenger_814, Miss. Mary",female,11.98075689042307,0,1,TICKET_814,13.583946832972856,,S
815,1,1,"Passenger_815, Mrs. Mary",female,35.42731713061894,0,0,TICKET_815,139.10320665040354,,S
816,1,3,"Passenger_816, Mrs. Mary",female,23.74313927802604,1,1,TICKET_816,7.156535643864746,,S
817,0,2,"Passenger_817, Mr. John",male,48.54275676177498,0,0,TICKET_817,13.710751083108734,,C
818,0,3,"Passenger_818, Mr. John",male,33.78571387891268,0,1,TICKET_818,14.118609050585317,C47,S
819,0,3,"Passenger_819, Mr. John",male,19.000196907703202,2,0,TICKET_819,19.09131771995305,C3,S
820,1,1,"Passenger_820, Mrs. Mary",female,33.86934367386122,1,0,TICKET_820,81.330681772933,,C
821,1,3,"Passenger_821, Mrs. Mary",female,29.562734396270944,0,1,TICKET_821,8.152639444844525,,S
822,1,3,"Passenger_822, Mrs. Mary",female,31.57623401496342,0,0,TICKET_822,17.86356620884729,,C
823,0,3,"Passenger_823, Mr. John",male,,0,0,TICKET_823,12.80367351932279,C72,S
824,1,3,"Passenger_824, Mrs. Mary",female,20.395344115840903,1,0,TICKET_824,8.141096904334667,,S
825,1,1,"Passenger_825, Master. John",male,13.230755341717302,0,1,TICKET_825,54.85246865234374,,S
826,0,1,"Passenger_826, Mr. John",male,,0,0,TICKET_826,51.401933689196134,C94,C
827,0,3,"Passenger_827, Mr. John",male,31.27635405333015,0,1,TICKET_827,13.38456356812604,,S
828,1,3,"Passenger_828, Mrs. Mary",female,34.13431352361553,0,0,TICKET_828,5.698406251713594,,C
829,0,3,"Passenger_829, Mr. John",male,26.471312255112018,0,0,TICKET_829,7.464085205098948,,Q
830,0,2,"Passenger_830, Mr. John",male,,1,0,TICKET_830,23.19511244263441,,C
831,0,3,"Passenger_831, Mr. John",male,28.665224723246443,3,0,TICKET_831,21.437911228839937,C60,S
832,0,3,"Passenger_832, Mrs. Mary",female,,0,0,TICKET_832,7.721155538385766,,C
833,0,1,"Passenger_833, Mr. John",male,26.299018335151462,0,0,TICKET_833,45.28147872987329,,S
834,0,3,"Passenger_834, Mr. John",male,54.15971309940679,1,0,TICKET_834,9.59193107540664,,S
835,1,1,"Passenger_835, Mr. John",male,18.77392952426686,1,0,TICKET_835,68.75456169681475,,C
836,0,2,"Passenger_836, Mr. John",male,,0,1,TICKET_836,24.05854912729146,,Q
837,1,3,"Passenger_837, Mr. John",male,26.212791653341252,1,0,TICKET_837,15.97878301115643,,S
838,1,2,"Passenger_838, Mr. John",male,,0,0,TICKET_838,17.736505858251306,C18,Q
839,1,2,"Passenger_839, Mrs. Mary",female,35.75744155868867,0,1,TICKET_839,11.999281079593317,,C
840,1,3,"Passenger_840, Mrs. Mary",female,26.650427418180072,0,0,TICKET_840,8.026582787748367,,C
841,1,3,"Passenger_841, Mr. John",male,18.970467531549858,0,1,TICKET_841,11.53214130312157,,S
842,1,2,"Passenger_842, Master. John",male,1.0,1,1,TICKET_842,26.752320288676074,,S
843,1,1,"Passenger_843, Mrs. Mary",female,44.747171259030665,0,0,TICKET_843,70.20064417601021,,C
844,1,1,"Passenger_844, Miss. Mary",female,1.0,2,2,TICKET_844,44.44587416565697,,S
845,0,3,"Passenger_845, Mr. John",male,26.72262746510256,0,0,TICKET_845,3.7041411480601263,,C
846,1,3,"Passenger_846, Mrs. Mary",female,32.700685772270425,1,1,TICKET_846,13.916948015104769,C88,S
847,0,3,"Passenger_847, Mr. John",male,25.509550559116185,1,0,TICKET_847,5.600027417289229,,S
848,0,2,"Passenger_848, Mr. John",male,68.1067700706909,0,0,TICKET_848,28.156615865254192,,C
849,0,2,"Passenger_849, Mr. John",male,,0,0,TICKET_849,14.276862364348151,,C
850,0,2,"Passenger_850, Mr. John",male,50.09799390429073,0,0,TICKET_850,9.666223038180163,,S
851,0,2,"Passenger_851, Miss. Mary",female,4.523930028832552,0,1,TICKET_851,45.50365365668655,,C
852,1,2,"Passenger_852, Mrs. Mary",female,45.239424070971594,1,1,TICKET_852,8.547852317900114,C14,S
853,1,1,"Passenger_853, Master. John",male,1.2888020160819273,0,2,TICKET_853,47.4105351188559,,S
854,1,3,"Passenger_854, Mr. John",male,19.20411045872921,1,0,TICKET_854,6.914931600578479,C88,C
855,0,3,"Passenger_855, Mr. John",male,28.25765213214003,1,1,TICKET_855,5.252308788731909,,C
856,1,2,"Passenger_856, Miss. Mary",female,11.263796975901828,2,1,TICKET_856,7.984569592873588,,S
857,1,3,"Passenger_857, Miss. Mary",female,10.92256765868569,1,2,TICKET_857,16.830717685550113,,S
858,1,3,"Passenger_858, Mrs. Mary",female,42.11982281354662,1,1,TICKET_858,13.81769088133278,,S
859,1,1,"Passenger_859, Mrs. Mary",female,42.388145042821115,0,0,TICKET_859,294.8709027277509,,S
860,0,2,"Passenger_860, Mr. John",male,33.83468400674552,0,0,TICKET_860,15.19652562717559,,S
861,0,1,"Passenger_861, Mr. John",male,39.74874806778428,0,0,TICKET_861,81.45790954052318,C78,S
862,1,2,"Passenger_862, Master. John",male,15.000603506056569,0,1,TICKET_862,14.246245473440021,,S
863,0,2,"Passenger_863, Miss. Mary",female,5.573432413417827,1,2,TICKET_863,20.19488720595508,C51,S
864,0,3,"Passenger_864, Mr. John",male,39.71352835402743,1,1,TICKET_864,16.171722108108348,,S
865,1,3,"Passenger_865, Mrs. Mary",female,,0,1,TICKET_865,5.422543693313155,,S
866,0,3,"Passenger_866, Mr. John",male,45.022293927250715,0,0,TICKET_866,10.06743284520565,C33,S
867,1,3,"Passenger_867, Mrs. Mary",female,,0,1,TICKET_867,16.402184010138225,,S
868,1,2,"Passenger_868, Mr. John",male,49.81435333387471,0,1,TICKET_868,17.01530417466166,,Q
869,0,2,"Passenger_869, Mr. John",male,32.990732046213196,0,2,TICKET_869,11.939236171451485,,C
870,1,1,"Passenger_870, Mrs. Mary",female,20.490008323347258,0,1,TICKET_870,143.78846231386927,,Q
871,0,3,"Passenger_871, Mr. John",male,,0,1,TICKET_871,20.359286242944922,,C
872,1,1,"Passenger_872, Master. John",male,12.148267423123407,1,1,TICKET_872,92.62936905535742,,C
873,1,3,"Passenger_873, Mrs. Mary",female,25.464588599136132,1,1,TICKET_873,11.638689887202496,C13,S
874,1,2,"Passenger_874, Master. John",male,13.115686800286337,1,1,TICKET_874,14.09206265263434,,S
875,0,1,"Passenger_875, Mr. John",male,42.0425569375322,0,0,TICKET_875,99.995983700613,,S
876,0,3,"Passenger_876, Mr. John",male,21.7054836246728,0,0,TICKET_876,10.628469337968328,,Q
877,0,2,"Passenger_877, Mr. John",male,47.998151281063514,1,0,TICKET_877,19.63228654014182,C48,S
878,0,1,"Passenger_878, Mr. John",male,,0,1,TICKET_878,120.20698871770765,,C
879,0,3,"Passenger_879, Mr. John",male,41.523601573632604,0,1,TICKET_879,5.207764610963482,C83,Q
880,1,3,"Passenger_880, Mrs. Mary",female,31.020652222946058,0,0,TICKET_880,11.969892670086985,,S
881,0,1,"Passenger_881, Mr. John",male,20.35243483189494,1,0,TICKET_881,84.25475880161358,C97,S
882,0,3,"Passenger_882, Mr. John",male,44.82024370142395,0,1,TICKET_882,6.233031767618269,,S
883,1,1,"Passenger_883, Mr. John",male,30.761981852941872,2,0,TICKET_883,60.91804747325147,,S
884,0,3,"Passenger_884, Mrs. Mary",female,,1,0,TICKET_884,10.388740005776397,,S
885,1,3,"Passenger_885, Mrs. Mary",female,,0,0,TICKET_885,6.554196650664476,C80,S
886,1,3,"Passenger_886, Mrs. Mary",female,20.82249960600412,1,1,TICKET_886,9.010249930521473,,S
887,1,3,"Passenger_887, Mrs. Mary",female,43.06533564505275,0,0,TICKET_887,3.7429300843613618,C57,Q
888,1,1,"Passenger_888, Mr. John",male,37.481408277503206,1,0,TICKET_888,24.030054973053243,,S
889,1,2,"Passenger_889, Mrs. Mary",female,30.75147160646795,0,1,TICKET_889,21.633938946725177,C56,S
890,0,3,"Passenger_890, Mr. John",male,17.805822716408017,0,1,TICKET_890,23.926766995154185,,S
891,0,3,"Passenger_891, Mrs. Mary",female,24.82317226631885,2,0,TICKET_891,7.353709272556563,C52,C
